-- MySQL dump 10.13  Distrib 5.7.12, for Win32 (AMD64)
--
-- Host: localhost    Database: test
-- ------------------------------------------------------
-- Server version	5.7.17-log

/*!40101 SET @OLD_CHARACTER_SET_CLIENT=@@CHARACTER_SET_CLIENT */;
/*!40101 SET @OLD_CHARACTER_SET_RESULTS=@@CHARACTER_SET_RESULTS */;
/*!40101 SET @OLD_COLLATION_CONNECTION=@@COLLATION_CONNECTION */;
/*!40101 SET NAMES utf8 */;
/*!40103 SET @OLD_TIME_ZONE=@@TIME_ZONE */;
/*!40103 SET TIME_ZONE='+00:00' */;
/*!40014 SET @OLD_UNIQUE_CHECKS=@@UNIQUE_CHECKS, UNIQUE_CHECKS=0 */;
/*!40014 SET @OLD_FOREIGN_KEY_CHECKS=@@FOREIGN_KEY_CHECKS, FOREIGN_KEY_CHECKS=0 */;
/*!40101 SET @OLD_SQL_MODE=@@SQL_MODE, SQL_MODE='NO_AUTO_VALUE_ON_ZERO' */;
/*!40111 SET @OLD_SQL_NOTES=@@SQL_NOTES, SQL_NOTES=0 */;

--
-- Table structure for table `sys_admin`
--

DROP TABLE IF EXISTS `sys_admin`;
/*!40101 SET @saved_cs_client     = @@character_set_client */;
/*!40101 SET character_set_client = utf8 */;
CREATE TABLE `sys_admin` (
  `ID` bigint(20) NOT NULL,
  `CREATE_TIME` datetime DEFAULT NULL,
  `LOGIN_ACCOUNT_NO` varchar(255) DEFAULT NULL,
  `LOGIN_PASSWORD` varchar(255) DEFAULT NULL,
  `MODIFY_TIME` datetime DEFAULT NULL,
  `ENABLE` varchar(2) DEFAULT NULL,
  `role_id` bigint(20) DEFAULT NULL,
  PRIMARY KEY (`ID`)
) ENGINE=InnoDB DEFAULT CHARSET=utf8;
/*!40101 SET character_set_client = @saved_cs_client */;

--
-- Dumping data for table `sys_admin`
--

LOCK TABLES `sys_admin` WRITE;
/*!40000 ALTER TABLE `sys_admin` DISABLE KEYS */;
INSERT INTO `sys_admin` VALUES (1,'2018-05-22 17:26:06','admin','d41d8cd98f00b204e9800998ecf8427e','2018-05-22 17:26:06','0',NULL),(2,'2018-05-22 17:27:27','liulei','c81e728d9d4c2f636f067f89cc14862c','2018-05-22 17:27:27','1',NULL),(3,'2018-05-22 17:28:17','super','c81e728d9d4c2f636f067f89cc14862c','2018-05-22 17:28:17','1',NULL);
/*!40000 ALTER TABLE `sys_admin` ENABLE KEYS */;
UNLOCK TABLES;

--
-- Table structure for table `sys_admin_login_log`
--

DROP TABLE IF EXISTS `sys_admin_login_log`;
/*!40101 SET @saved_cs_client     = @@character_set_client */;
/*!40101 SET character_set_client = utf8 */;
CREATE TABLE `sys_admin_login_log` (
  `ID` bigint(20) NOT NULL,
  `ADMIN_ID` bigint(20) DEFAULT NULL,
  `IS_PASSWORD_ERROR` varchar(255) DEFAULT NULL,
  `LOGIN_TIME` datetime DEFAULT NULL,
  PRIMARY KEY (`ID`)
) ENGINE=InnoDB DEFAULT CHARSET=utf8;
/*!40101 SET character_set_client = @saved_cs_client */;

--
-- Dumping data for table `sys_admin_login_log`
--

LOCK TABLES `sys_admin_login_log` WRITE;
/*!40000 ALTER TABLE `sys_admin_login_log` DISABLE KEYS */;
/*!40000 ALTER TABLE `sys_admin_login_log` ENABLE KEYS */;
UNLOCK TABLES;

--
-- Table structure for table `sys_announcement`
--

DROP TABLE IF EXISTS `sys_announcement`;
/*!40101 SET @saved_cs_client     = @@character_set_client */;
/*!40101 SET character_set_client = utf8 */;
CREATE TABLE `sys_announcement` (
  `ID` bigint(20) NOT NULL,
  `CONTENT` varchar(255) DEFAULT NULL,
  `CREATE_TIME` datetime DEFAULT NULL,
  `MODIFY_TIME` datetime DEFAULT NULL,
  `TYPE` varchar(255) DEFAULT NULL,
  PRIMARY KEY (`ID`)
) ENGINE=InnoDB DEFAULT CHARSET=utf8;
/*!40101 SET character_set_client = @saved_cs_client */;

--
-- Dumping data for table `sys_announcement`
--

LOCK TABLES `sys_announcement` WRITE;
/*!40000 ALTER TABLE `sys_announcement` DISABLE KEYS */;
/*!40000 ALTER TABLE `sys_announcement` ENABLE KEYS */;
UNLOCK TABLES;

--
-- Table structure for table `sys_announcement_changed`
--

DROP TABLE IF EXISTS `sys_announcement_changed`;
/*!40101 SET @saved_cs_client     = @@character_set_client */;
/*!40101 SET character_set_client = utf8 */;
CREATE TABLE `sys_announcement_changed` (
  `WORKSHEET_NO` varchar(255) NOT NULL,
  `CONTENT` varchar(255) DEFAULT NULL,
  `CREATE_ADMIN_ID` bigint(20) DEFAULT NULL,
  `CREATE_TIME` datetime DEFAULT NULL,
  `ID` bigint(20) DEFAULT NULL,
  `MODIFY_TIME` datetime DEFAULT NULL,
  `TYPE` varchar(255) DEFAULT NULL,
  `TITLE` varchar(255) DEFAULT NULL,
  PRIMARY KEY (`WORKSHEET_NO`)
) ENGINE=InnoDB DEFAULT CHARSET=utf8;
/*!40101 SET character_set_client = @saved_cs_client */;

--
-- Dumping data for table `sys_announcement_changed`
--

LOCK TABLES `sys_announcement_changed` WRITE;
/*!40000 ALTER TABLE `sys_announcement_changed` DISABLE KEYS */;
INSERT INTO `sys_announcement_changed` VALUES ('1',NULL,NULL,'2018-06-09 23:06:54',1,'2018-06-09 23:06:54',NULL,NULL),('10','测试内容',NULL,'2018-06-09 23:39:15',9,'2018-06-09 23:39:15',NULL,'201806091126'),('11','测试内容',NULL,'2018-06-09 23:39:44',10,'2018-06-09 23:39:44',NULL,'201806091126'),('3','测试内容',NULL,'2018-06-09 23:29:22',2,'2018-06-09 23:29:22',NULL,'201806091126'),('4','测试内容',NULL,'2018-06-09 23:30:55',3,'2018-06-09 23:30:55',NULL,'201806091126'),('5','测试内容',NULL,'2018-06-09 23:32:53',4,'2018-06-09 23:32:53',NULL,'201806091126'),('6','测试内容',NULL,'2018-06-09 23:34:02',5,'2018-06-09 23:34:02',NULL,'201806091126'),('7','测试内容',NULL,'2018-06-09 23:35:30',6,'2018-06-09 23:35:30',NULL,'201806091126'),('8','测试内容',NULL,'2018-06-09 23:37:31',7,'2018-06-09 23:37:31',NULL,'201806091126'),('9','测试内容',NULL,'2018-06-09 23:38:34',8,'2018-06-09 23:38:34',NULL,'201806091126');
/*!40000 ALTER TABLE `sys_announcement_changed` ENABLE KEYS */;
UNLOCK TABLES;

--
-- Table structure for table `sys_code`
--

DROP TABLE IF EXISTS `sys_code`;
/*!40101 SET @saved_cs_client     = @@character_set_client */;
/*!40101 SET character_set_client = utf8 */;
CREATE TABLE `sys_code` (
  `ID` bigint(20) NOT NULL,
  `CLASSIFY` varchar(255) DEFAULT NULL,
  `CODE` varchar(255) DEFAULT NULL,
  `CODE_NAME` varchar(255) DEFAULT NULL,
  `CREATE_TIME` datetime DEFAULT NULL,
  `DISPLAY_SN` int(11) DEFAULT NULL,
  `MODIFY_TIME` datetime DEFAULT NULL,
  `PARENT_ID` varchar(255) DEFAULT NULL,
  `SCENE1` varchar(255) DEFAULT NULL,
  `SCENE2` varchar(255) DEFAULT NULL,
  `SCENE3` varchar(255) DEFAULT NULL,
  PRIMARY KEY (`ID`)
) ENGINE=InnoDB DEFAULT CHARSET=utf8;
/*!40101 SET character_set_client = @saved_cs_client */;

--
-- Dumping data for table `sys_code`
--

LOCK TABLES `sys_code` WRITE;
/*!40000 ALTER TABLE `sys_code` DISABLE KEYS */;
INSERT INTO `sys_code` VALUES (1,'YesOrNo','1','是','2018-06-07 19:24:52',1,'2018-06-07 19:24:52',NULL,'','',''),(2,'YesOrNo','0','否','2018-06-07 19:24:52',2,'2018-06-07 19:24:52',NULL,'','','');
/*!40000 ALTER TABLE `sys_code` ENABLE KEYS */;
UNLOCK TABLES;

--
-- Table structure for table `sys_entity_filter`
--

DROP TABLE IF EXISTS `sys_entity_filter`;
/*!40101 SET @saved_cs_client     = @@character_set_client */;
/*!40101 SET character_set_client = utf8 */;
CREATE TABLE `sys_entity_filter` (
  `ID` bigint(20) NOT NULL,
  `CREATE_TIME` datetime DEFAULT NULL,
  `FILTER` varchar(255) DEFAULT NULL,
  `MODIFY_TIME` datetime DEFAULT NULL,
  `USER_ID` varchar(255) DEFAULT NULL,
  PRIMARY KEY (`ID`)
) ENGINE=InnoDB DEFAULT CHARSET=utf8;
/*!40101 SET character_set_client = @saved_cs_client */;

--
-- Dumping data for table `sys_entity_filter`
--

LOCK TABLES `sys_entity_filter` WRITE;
/*!40000 ALTER TABLE `sys_entity_filter` DISABLE KEYS */;
/*!40000 ALTER TABLE `sys_entity_filter` ENABLE KEYS */;
UNLOCK TABLES;

--
-- Table structure for table `sys_extend_property`
--

DROP TABLE IF EXISTS `sys_extend_property`;
/*!40101 SET @saved_cs_client     = @@character_set_client */;
/*!40101 SET character_set_client = utf8 */;
CREATE TABLE `sys_extend_property` (
  `ID` bigint(20) NOT NULL,
  `CODE` varchar(255) DEFAULT NULL,
  `CREATE_TIME` datetime DEFAULT NULL,
  `MODIFY_TIME` datetime DEFAULT NULL,
  `NAME` varchar(255) DEFAULT NULL,
  `QUERY` varchar(255) DEFAULT NULL,
  PRIMARY KEY (`ID`)
) ENGINE=InnoDB DEFAULT CHARSET=utf8;
/*!40101 SET character_set_client = @saved_cs_client */;

--
-- Dumping data for table `sys_extend_property`
--

LOCK TABLES `sys_extend_property` WRITE;
/*!40000 ALTER TABLE `sys_extend_property` DISABLE KEYS */;
INSERT INTO `sys_extend_property` VALUES (1,'YesOrNo','2018-06-07 19:24:18','2018-06-07 19:24:58','是否','SELECT CODE KEY,CODE_NAME VALUE,\'\' FILETER FROM SYS_CODE ORDER BY DISPLAY_SN');
/*!40000 ALTER TABLE `sys_extend_property` ENABLE KEYS */;
UNLOCK TABLES;

--
-- Table structure for table `sys_menu`
--

DROP TABLE IF EXISTS `sys_menu`;
/*!40101 SET @saved_cs_client     = @@character_set_client */;
/*!40101 SET character_set_client = utf8 */;
CREATE TABLE `sys_menu` (
  `ID` bigint(20) NOT NULL,
  `CREATE_TIME` datetime DEFAULT NULL,
  `LEVEL` int(11) DEFAULT NULL,
  `LINK` varchar(255) DEFAULT NULL,
  `MODIFY_TIME` datetime DEFAULT NULL,
  `NAME` varchar(255) DEFAULT NULL,
  `PARENT_ID` bigint(20) DEFAULT NULL,
  `SN` int(11) DEFAULT NULL,
  `IS_CROSS_DOMAIN` varchar(255) DEFAULT NULL,
  PRIMARY KEY (`ID`)
) ENGINE=InnoDB DEFAULT CHARSET=utf8;
/*!40101 SET character_set_client = @saved_cs_client */;

--
-- Dumping data for table `sys_menu`
--

LOCK TABLES `sys_menu` WRITE;
/*!40000 ALTER TABLE `sys_menu` DISABLE KEYS */;
INSERT INTO `sys_menu` VALUES (1,'2018-06-07 19:09:29',1,'/template/sys/code/code','2018-06-07 19:21:48','映射',0,3,''),(4,'2018-06-09 22:45:08',1,'','2018-06-09 22:45:08','工作流管理',0,NULL,NULL),(6,'2018-04-05 20:09:35',2,'http://localhost:8080/base-workflow-test/template/sys/workflow/process-list','2018-05-30 17:29:31','工作流管理',4,3,'true'),(7,'2018-04-05 20:09:44',2,'',NULL,'节点管理',4,2,NULL),(8,'2018-04-27 15:33:08',2,'/template/sys/assistant/generateEntity',NULL,'实体映射（数据库）',1,1,NULL),(9,'2018-04-09 23:19:03',2,'/template/sys/menu/menu',NULL,'菜单管理',15,1,NULL),(11,'2018-04-09 23:47:46',2,'/template/sys/role/role',NULL,'角色管理',15,2,NULL),(12,'2018-04-09 23:48:22',2,'',NULL,'权限管理',15,3,NULL),(13,'2018-04-09 23:50:10',2,'/template/sys/admin/admin','2018-05-22 14:30:15','操作员管理',15,4,NULL),(14,'2018-04-09 23:50:19',2,'',NULL,'组织管理',15,5,NULL),(15,'2018-04-23 17:34:11',1,'','2018-06-07 19:21:57','系统维护',0,1,''),(16,'2018-04-23 17:36:34',2,'/template/sys/config/entityFilterParamConfig',NULL,'实体过滤字',1,5,NULL),(17,'2018-04-27 15:43:48',2,'/template/sys/assistant/generateEntityOom',NULL,'实体映射（oom）',1,0,NULL),(395,'2018-05-30 18:14:11',2,'http://localhost:8080/base-workflow-test/template/sys/workflow/model-list','2018-05-30 18:14:35','模型列表',4,4,'true'),(396,'2018-05-31 18:24:45',1,'','2018-06-07 19:21:51','个人设置',0,4,''),(397,'2018-05-31 18:24:55',2,'','2018-05-31 18:25:14','密码修改',396,2,''),(398,'2018-05-31 18:25:06',2,'','2018-05-31 18:25:06','基本信息',396,1,NULL),(401,'2018-06-06 17:25:24',1,'','2018-06-06 17:25:24','工作流测试',0,NULL,NULL),(402,'2018-06-06 17:26:00',2,'/template/sys/workflow/announcement/apply','2018-06-06 18:01:15','公告申请流程',401,1,''),(406,'2018-06-07 19:20:54',2,'/template/sys/code/code','2018-06-07 19:20:54','代码管理',15,1,NULL),(407,'2018-06-07 19:22:52',2,'/template/sys/extendproperty/extendproperty','2018-06-07 19:22:52','扩展属性',15,6,NULL);
/*!40000 ALTER TABLE `sys_menu` ENABLE KEYS */;
UNLOCK TABLES;

--
-- Table structure for table `sys_menu_role`
--

DROP TABLE IF EXISTS `sys_menu_role`;
/*!40101 SET @saved_cs_client     = @@character_set_client */;
/*!40101 SET character_set_client = utf8 */;
CREATE TABLE `sys_menu_role` (
  `ID` bigint(20) NOT NULL,
  `CREATE_TIME` datetime DEFAULT NULL,
  `MENU_ID` bigint(20) DEFAULT NULL,
  `MODIFY_TIME` datetime DEFAULT NULL,
  `ROLE_ID` bigint(20) DEFAULT NULL,
  PRIMARY KEY (`ID`)
) ENGINE=InnoDB DEFAULT CHARSET=utf8;
/*!40101 SET character_set_client = @saved_cs_client */;

--
-- Dumping data for table `sys_menu_role`
--

LOCK TABLES `sys_menu_role` WRITE;
/*!40000 ALTER TABLE `sys_menu_role` DISABLE KEYS */;
INSERT INTO `sys_menu_role` VALUES (40,'2018-05-22 11:08:38',0,'2018-05-22 11:08:38',1),(41,'2018-05-22 11:08:38',1,'2018-05-22 11:08:38',1),(42,'2018-05-22 11:08:38',17,'2018-05-22 11:08:38',1),(43,'2018-05-22 11:08:38',8,'2018-05-22 11:08:38',1),(44,'2018-05-22 11:08:38',2,'2018-05-22 11:08:38',1),(45,'2018-05-22 11:08:38',3,'2018-05-22 11:08:38',1),(46,'2018-05-22 11:08:38',16,'2018-05-22 11:08:38',1),(47,'2018-05-22 11:08:38',4,'2018-05-22 11:08:38',1),(48,'2018-05-22 11:08:38',5,'2018-05-22 11:08:38',1),(49,'2018-05-22 11:08:38',7,'2018-05-22 11:08:38',1),(50,'2018-05-22 11:08:38',6,'2018-05-22 11:08:38',1),(51,'2018-05-22 11:08:50',0,'2018-05-22 11:08:50',3),(52,'2018-05-22 11:08:50',15,'2018-05-22 11:08:50',3),(53,'2018-05-22 11:08:50',9,'2018-05-22 11:08:50',3);
/*!40000 ALTER TABLE `sys_menu_role` ENABLE KEYS */;
UNLOCK TABLES;

--
-- Table structure for table `sys_menu_visit_log`
--

DROP TABLE IF EXISTS `sys_menu_visit_log`;
/*!40101 SET @saved_cs_client     = @@character_set_client */;
/*!40101 SET character_set_client = utf8 */;
CREATE TABLE `sys_menu_visit_log` (
  `ID` bigint(20) NOT NULL,
  `CREATE_TIME` datetime DEFAULT NULL,
  `MENU_ID` bigint(20) DEFAULT NULL,
  `MODIFY_TIME` datetime DEFAULT NULL,
  `VISIT_TIME` datetime DEFAULT NULL,
  PRIMARY KEY (`ID`)
) ENGINE=InnoDB DEFAULT CHARSET=utf8;
/*!40101 SET character_set_client = @saved_cs_client */;

--
-- Dumping data for table `sys_menu_visit_log`
--

LOCK TABLES `sys_menu_visit_log` WRITE;
/*!40000 ALTER TABLE `sys_menu_visit_log` DISABLE KEYS */;
INSERT INTO `sys_menu_visit_log` VALUES (1,'2018-06-07 13:59:29',402,'2018-06-07 13:59:29','2018-06-07 13:59:28'),(2,'2018-06-07 17:39:01',402,'2018-06-07 17:39:01','2018-06-07 17:39:01'),(3,'2018-06-07 17:39:03',11,'2018-06-07 17:39:03','2018-06-07 17:39:03'),(4,'2018-06-07 17:39:03',9,'2018-06-07 17:39:03','2018-06-07 17:39:03'),(5,'2018-06-07 17:39:07',11,'2018-06-07 17:39:07','2018-06-07 17:39:07'),(6,'2018-06-07 18:00:55',9,'2018-06-07 18:00:55','2018-06-07 18:00:54'),(7,'2018-06-07 18:00:59',9,'2018-06-07 18:00:59','2018-06-07 18:00:59'),(8,'2018-06-07 18:01:01',9,'2018-06-07 18:01:01','2018-06-07 18:01:01'),(9,'2018-06-07 18:01:04',9,'2018-06-07 18:01:04','2018-06-07 18:01:04'),(10,'2018-06-07 18:01:07',9,'2018-06-07 18:01:07','2018-06-07 18:01:07'),(11,'2018-06-07 18:01:09',9,'2018-06-07 18:01:09','2018-06-07 18:01:09'),(12,'2018-06-07 18:01:11',11,'2018-06-07 18:01:11','2018-06-07 18:01:11'),(13,'2018-06-07 18:01:13',11,'2018-06-07 18:01:13','2018-06-07 18:01:13'),(14,'2018-06-07 18:01:14',13,'2018-06-07 18:01:14','2018-06-07 18:01:14'),(15,'2018-06-07 18:01:18',11,'2018-06-07 18:01:18','2018-06-07 18:01:18'),(16,'2018-06-07 18:01:24',13,'2018-06-07 18:01:24','2018-06-07 18:01:24'),(17,'2018-06-07 18:01:27',17,'2018-06-07 18:01:27','2018-06-07 18:01:27'),(18,'2018-06-07 18:01:33',9,'2018-06-07 18:01:33','2018-06-07 18:01:33'),(19,'2018-06-07 18:01:34',11,'2018-06-07 18:01:34','2018-06-07 18:01:34'),(20,'2018-06-07 18:01:37',13,'2018-06-07 18:01:37','2018-06-07 18:01:37'),(21,'2018-06-07 18:01:40',17,'2018-06-07 18:01:40','2018-06-07 18:01:40'),(22,'2018-06-07 18:01:42',8,'2018-06-07 18:01:42','2018-06-07 18:01:42'),(23,'2018-06-07 18:01:44',16,'2018-06-07 18:01:44','2018-06-07 18:01:44'),(24,'2018-06-07 18:01:51',5,'2018-06-07 18:01:51','2018-06-07 18:01:51'),(25,'2018-06-07 18:01:54',6,'2018-06-07 18:01:54','2018-06-07 18:01:54'),(26,'2018-06-07 18:01:55',395,'2018-06-07 18:01:55','2018-06-07 18:01:55'),(27,'2018-06-07 18:01:59',6,'2018-06-07 18:01:59','2018-06-07 18:01:59'),(28,'2018-06-07 18:02:09',402,'2018-06-07 18:02:09','2018-06-07 18:02:09'),(29,'2018-06-07 18:02:28',402,'2018-06-07 18:02:28','2018-06-07 18:02:27'),(30,'2018-06-07 18:03:16',9,'2018-06-07 18:03:16','2018-06-07 18:03:16'),(31,'2018-06-07 18:03:21',13,'2018-06-07 18:03:21','2018-06-07 18:03:21'),(32,'2018-06-07 18:03:37',13,'2018-06-07 18:03:37','2018-06-07 18:03:37'),(33,'2018-06-07 18:03:40',11,'2018-06-07 18:03:40','2018-06-07 18:03:40'),(34,'2018-06-07 18:04:12',402,'2018-06-07 18:04:12','2018-06-07 18:04:11'),(35,'2018-06-07 18:04:21',9,'2018-06-07 18:04:21','2018-06-07 18:04:21'),(36,'2018-06-07 18:04:35',17,'2018-06-07 18:04:35','2018-06-07 18:04:35'),(37,'2018-06-07 18:05:23',17,'2018-06-07 18:05:23','2018-06-07 18:05:23'),(38,'2018-06-07 18:13:39',5,'2018-06-07 18:13:39','2018-06-07 18:13:39'),(39,'2018-06-07 18:13:41',6,'2018-06-07 18:13:41','2018-06-07 18:13:41'),(40,'2018-06-07 18:13:42',395,'2018-06-07 18:13:42','2018-06-07 18:13:42'),(41,'2018-06-07 19:03:35',5,'2018-06-07 19:03:35','2018-06-07 19:03:35'),(42,'2018-06-07 19:03:37',6,'2018-06-07 19:03:37','2018-06-07 19:03:37'),(43,'2018-06-07 19:08:48',9,'2018-06-07 19:08:48','2018-06-07 19:08:48'),(44,'2018-06-07 19:12:40',9,'2018-06-07 19:12:40','2018-06-07 19:12:40'),(45,'2018-06-07 19:17:56',9,'2018-06-07 19:17:56','2018-06-07 19:17:56'),(46,'2018-06-07 19:20:05',9,'2018-06-07 19:20:05','2018-06-07 19:20:05'),(47,'2018-06-07 19:20:18',1,'2018-06-07 19:20:18','2018-06-07 19:20:18'),(48,'2018-06-07 19:20:24',1,'2018-06-07 19:20:24','2018-06-07 19:20:24'),(49,'2018-06-07 19:20:26',1,'2018-06-07 19:20:26','2018-06-07 19:20:26'),(50,'2018-06-07 19:20:28',9,'2018-06-07 19:20:28','2018-06-07 19:20:28'),(51,'2018-06-07 19:21:26',1,'2018-06-07 19:21:26','2018-06-07 19:21:26'),(52,'2018-06-07 19:21:28',1,'2018-06-07 19:21:28','2018-06-07 19:21:28'),(53,'2018-06-07 19:21:37',1,'2018-06-07 19:21:37','2018-06-07 19:21:37'),(54,'2018-06-07 19:21:39',9,'2018-06-07 19:21:39','2018-06-07 19:21:39'),(55,'2018-06-07 19:22:05',9,'2018-06-07 19:22:05','2018-06-07 19:22:05'),(56,'2018-06-07 19:22:59',406,'2018-06-07 19:22:59','2018-06-07 19:22:59'),(57,'2018-06-07 19:23:02',407,'2018-06-07 19:23:02','2018-06-07 19:23:02'),(58,'2018-06-07 19:25:06',407,'2018-06-07 19:25:06','2018-06-07 19:25:06'),(59,'2018-06-07 19:25:10',406,'2018-06-07 19:25:10','2018-06-07 19:25:10'),(60,'2018-06-07 22:45:33',406,'2018-06-07 22:45:33','2018-06-07 22:45:32'),(61,'2018-06-07 22:45:34',9,'2018-06-07 22:45:34','2018-06-07 22:45:34'),(62,'2018-06-07 22:45:36',406,'2018-06-07 22:45:36','2018-06-07 22:45:36'),(63,'2018-06-07 22:45:37',11,'2018-06-07 22:45:37','2018-06-07 22:45:37'),(64,'2018-06-07 22:52:00',11,'2018-06-07 22:52:00','2018-06-07 22:52:00'),(65,'2018-06-07 22:52:03',11,'2018-06-07 22:52:03','2018-06-07 22:52:03'),(66,'2018-06-07 22:53:51',11,'2018-06-07 22:53:51','2018-06-07 22:53:51'),(67,'2018-06-07 22:53:54',11,'2018-06-07 22:53:54','2018-06-07 22:53:54'),(68,'2018-06-07 22:53:58',11,'2018-06-07 22:53:58','2018-06-07 22:53:58'),(69,'2018-06-07 22:55:26',11,'2018-06-07 22:55:26','2018-06-07 22:55:26'),(70,'2018-06-07 22:56:53',9,'2018-06-07 22:56:53','2018-06-07 22:56:53'),(71,'2018-06-07 23:03:10',9,'2018-06-07 23:03:10','2018-06-07 23:03:10'),(72,'2018-06-07 23:03:11',9,'2018-06-07 23:03:11','2018-06-07 23:03:11'),(73,'2018-06-07 23:03:12',9,'2018-06-07 23:03:12','2018-06-07 23:03:12'),(74,'2018-06-07 23:03:14',9,'2018-06-07 23:03:14','2018-06-07 23:03:14'),(75,'2018-06-07 23:03:26',9,'2018-06-07 23:03:26','2018-06-07 23:03:26'),(76,'2018-06-07 23:03:29',9,'2018-06-07 23:03:29','2018-06-07 23:03:29'),(77,'2018-06-07 23:03:32',9,'2018-06-07 23:03:32','2018-06-07 23:03:32'),(78,'2018-06-07 23:15:13',9,'2018-06-07 23:15:13','2018-06-07 23:15:13'),(79,'2018-06-07 23:15:15',406,'2018-06-07 23:15:15','2018-06-07 23:15:15'),(80,'2018-06-07 23:15:17',11,'2018-06-07 23:15:17','2018-06-07 23:15:17'),(81,'2018-06-07 23:15:19',406,'2018-06-07 23:15:19','2018-06-07 23:15:19'),(82,'2018-06-07 23:15:22',11,'2018-06-07 23:15:22','2018-06-07 23:15:22'),(83,'2018-06-07 23:15:24',9,'2018-06-07 23:15:24','2018-06-07 23:15:24'),(84,'2018-06-07 23:15:26',9,'2018-06-07 23:15:26','2018-06-07 23:15:26'),(85,'2018-06-07 23:15:29',9,'2018-06-07 23:15:29','2018-06-07 23:15:29'),(86,'2018-06-07 23:15:31',9,'2018-06-07 23:15:31','2018-06-07 23:15:31'),(87,'2018-06-07 23:15:34',9,'2018-06-07 23:15:34','2018-06-07 23:15:34'),(88,'2018-06-07 23:15:36',9,'2018-06-07 23:15:36','2018-06-07 23:15:36'),(89,'2018-06-07 23:16:09',11,'2018-06-07 23:16:09','2018-06-07 23:16:09'),(90,'2018-06-07 23:16:10',406,'2018-06-07 23:16:10','2018-06-07 23:16:10'),(91,'2018-06-07 23:16:29',407,'2018-06-07 23:16:29','2018-06-07 23:16:29'),(92,'2018-06-07 23:16:43',402,'2018-06-07 23:16:43','2018-06-07 23:16:43'),(93,'2018-06-09 22:43:21',1,'2018-06-09 22:43:21','2018-06-09 22:43:20'),(94,'2018-06-09 22:43:32',9,'2018-06-09 22:43:32','2018-06-09 22:43:32'),(95,'2018-06-09 22:45:37',395,'2018-06-09 22:45:37','2018-06-09 22:45:37'),(96,'2018-06-09 22:48:34',402,'2018-06-09 22:48:34','2018-06-09 22:48:34'),(97,'2018-06-09 22:59:11',402,'2018-06-09 22:59:11','2018-06-09 22:59:11'),(98,'2018-06-09 23:26:10',402,'2018-06-09 23:26:10','2018-06-09 23:26:10'),(99,'2018-05-22 17:17:38',17,'2018-05-22 17:17:38','2018-05-22 17:17:38'),(100,'2018-05-22 17:25:40',13,'2018-05-22 17:25:40','2018-05-22 17:25:40'),(101,'2018-05-22 22:20:40',13,'2018-05-22 22:20:40','2018-05-22 22:20:39'),(102,'2018-05-22 22:29:36',17,'2018-05-22 22:29:36','2018-05-22 22:29:36'),(103,'2018-05-22 23:10:53',9,'2018-05-22 23:10:53','2018-05-22 23:10:50'),(104,'2018-05-22 23:10:59',11,'2018-05-22 23:10:59','2018-05-22 23:10:59'),(105,'2018-05-22 23:11:20',11,'2018-05-22 23:11:20','2018-05-22 23:11:20'),(106,'2018-05-22 23:11:21',9,'2018-05-22 23:11:21','2018-05-22 23:11:21'),(107,'2018-05-23 09:39:48',9,'2018-05-23 09:39:48','2018-05-23 09:39:48'),(108,'2018-05-23 09:39:51',13,'2018-05-23 09:39:51','2018-05-23 09:39:51'),(109,'2018-05-23 09:40:14',13,'2018-05-23 09:40:14','2018-05-23 09:40:14'),(110,'2018-05-23 09:40:47',9,'2018-05-23 09:40:47','2018-05-23 09:40:47'),(111,'2018-05-23 09:40:49',11,'2018-05-23 09:40:49','2018-05-23 09:40:49'),(112,'2018-05-23 09:40:52',13,'2018-05-23 09:40:52','2018-05-23 09:40:52'),(113,'2018-05-23 09:48:53',9,'2018-05-23 09:48:53','2018-05-23 09:48:53'),(114,'2018-05-23 09:54:14',11,'2018-05-23 09:54:14','2018-05-23 09:54:14'),(115,'2018-05-23 09:54:17',13,'2018-05-23 09:54:17','2018-05-23 09:54:17'),(116,'2018-05-23 09:54:21',11,'2018-05-23 09:54:21','2018-05-23 09:54:21'),(117,'2018-05-23 09:54:22',9,'2018-05-23 09:54:22','2018-05-23 09:54:22'),(118,'2018-05-23 15:27:44',13,'2018-05-23 15:27:44','2018-05-23 15:27:44'),(119,'2018-05-23 15:27:45',11,'2018-05-23 15:27:45','2018-05-23 15:27:45'),(120,'2018-05-23 15:28:06',9,'2018-05-23 15:28:06','2018-05-23 15:28:06'),(121,'2018-05-23 15:47:03',9,'2018-05-23 15:47:03','2018-05-23 15:47:03'),(122,'2018-05-23 15:51:10',9,'2018-05-23 15:51:10','2018-05-23 15:51:10'),(123,'2018-05-23 15:54:59',13,'2018-05-23 15:54:59','2018-05-23 15:54:59'),(124,'2018-05-23 15:55:08',11,'2018-05-23 15:55:08','2018-05-23 15:55:08'),(125,'2018-05-23 15:58:02',9,'2018-05-23 15:58:02','2018-05-23 15:58:02'),(126,'2018-05-23 16:21:45',9,'2018-05-23 16:21:45','2018-05-23 16:21:45'),(127,'2018-05-23 16:22:09',13,'2018-05-23 16:22:09','2018-05-23 16:22:09'),(128,'2018-05-23 16:58:13',9,'2018-05-23 16:58:13','2018-05-23 16:58:13'),(129,'2018-05-23 17:00:48',9,'2018-05-23 17:00:48','2018-05-23 17:00:48'),(130,'2018-05-23 17:00:50',11,'2018-05-23 17:00:50','2018-05-23 17:00:50'),(131,'2018-05-23 17:00:52',13,'2018-05-23 17:00:52','2018-05-23 17:00:52'),(132,'2018-05-23 17:00:54',17,'2018-05-23 17:00:54','2018-05-23 17:00:54'),(133,'2018-05-23 17:00:57',9,'2018-05-23 17:00:57','2018-05-23 17:00:57'),(134,'2018-05-23 17:04:29',9,'2018-05-23 17:04:29','2018-05-23 17:04:29'),(135,'2018-05-23 17:05:28',9,'2018-05-23 17:05:28','2018-05-23 17:05:28'),(136,'2018-05-23 17:06:09',9,'2018-05-23 17:06:09','2018-05-23 17:06:09'),(137,'2018-05-23 17:09:20',9,'2018-05-23 17:09:20','2018-05-23 17:09:20'),(138,'2018-05-23 17:24:21',9,'2018-05-23 17:24:21','2018-05-23 17:24:21'),(139,'2018-05-23 17:26:18',17,'2018-05-23 17:26:18','2018-05-23 17:26:18'),(140,'2018-05-23 17:27:06',17,'2018-05-23 17:27:06','2018-05-23 17:27:06'),(141,'2018-05-23 17:27:32',9,'2018-05-23 17:27:32','2018-05-23 17:27:32'),(142,'2018-05-23 17:27:34',17,'2018-05-23 17:27:34','2018-05-23 17:27:34'),(143,'2018-05-23 17:29:12',9,'2018-05-23 17:29:12','2018-05-23 17:29:12'),(144,'2018-05-23 17:29:31',9,'2018-05-23 17:29:31','2018-05-23 17:29:31'),(145,'2018-05-23 17:33:25',9,'2018-05-23 17:33:25','2018-05-23 17:33:25'),(146,'2018-05-23 17:53:12',9,'2018-05-23 17:53:12','2018-05-23 17:53:12'),(147,'2018-05-23 17:53:22',9,'2018-05-23 17:53:22','2018-05-23 17:53:22'),(148,'2018-05-23 17:53:26',17,'2018-05-23 17:53:26','2018-05-23 17:53:26'),(149,'2018-05-23 17:54:23',9,'2018-05-23 17:54:23','2018-05-23 17:54:23'),(150,'2018-05-23 17:54:27',9,'2018-05-23 17:54:27','2018-05-23 17:54:27'),(151,'2018-05-23 17:54:57',17,'2018-05-23 17:54:57','2018-05-23 17:54:57'),(152,'2018-05-23 17:54:58',8,'2018-05-23 17:54:58','2018-05-23 17:54:58'),(153,'2018-05-23 17:55:01',17,'2018-05-23 17:55:01','2018-05-23 17:55:01'),(154,'2018-05-23 17:55:14',17,'2018-05-23 17:55:14','2018-05-23 17:55:14'),(155,'2018-05-25 15:00:47',9,'2018-05-25 15:00:47','2018-05-25 15:00:47'),(156,'2018-05-25 15:00:52',9,'2018-05-25 15:00:52','2018-05-25 15:00:52'),(157,'2018-05-25 15:01:09',9,'2018-05-25 15:01:09','2018-05-25 15:01:09'),(158,'2018-05-25 15:01:11',13,'2018-05-25 15:01:11','2018-05-25 15:01:11'),(159,'2018-05-30 17:29:17',9,'2018-05-30 17:29:17','2018-05-30 17:29:17'),(160,'2018-05-30 17:29:18',9,'2018-05-30 17:29:18','2018-05-30 17:29:18'),(161,'2018-05-30 17:29:41',6,'2018-05-30 17:29:41','2018-05-30 17:29:41'),(162,'2018-05-30 17:47:33',6,'2018-05-30 17:47:33','2018-05-30 17:47:33'),(163,'2018-05-30 17:50:57',6,'2018-05-30 17:50:57','2018-05-30 17:50:57'),(164,'2018-05-30 17:51:09',6,'2018-05-30 17:51:09','2018-05-30 17:51:09'),(165,'2018-05-30 17:51:44',9,'2018-05-30 17:51:44','2018-05-30 17:51:44'),(166,'2018-05-30 17:52:18',5,'2018-05-30 17:52:18','2018-05-30 17:52:17'),(167,'2018-05-30 18:03:03',6,'2018-05-30 18:03:03','2018-05-30 18:03:03'),(168,'2018-05-30 18:03:09',5,'2018-05-30 18:03:09','2018-05-30 18:03:09'),(169,'2018-05-30 18:14:52',395,'2018-05-30 18:14:52','2018-05-30 18:14:52'),(170,'2018-05-30 18:15:12',395,'2018-05-30 18:15:12','2018-05-30 18:15:12'),(171,'2018-05-30 18:16:41',9,'2018-05-30 18:16:41','2018-05-30 18:16:41'),(172,'2018-05-30 18:16:46',5,'2018-05-30 18:16:46','2018-05-30 18:16:46'),(173,'2018-05-30 18:16:49',6,'2018-05-30 18:16:49','2018-05-30 18:16:49'),(174,'2018-05-30 18:16:50',395,'2018-05-30 18:16:50','2018-05-30 18:16:50'),(175,'2018-05-30 18:16:52',5,'2018-05-30 18:16:52','2018-05-30 18:16:52'),(176,'2018-05-30 18:17:27',5,'2018-05-30 18:17:27','2018-05-30 18:17:27'),(177,'2018-05-30 18:17:28',6,'2018-05-30 18:17:28','2018-05-30 18:17:28'),(178,'2018-05-30 18:17:29',395,'2018-05-30 18:17:29','2018-05-30 18:17:29'),(179,'2018-05-30 18:17:30',6,'2018-05-30 18:17:30','2018-05-30 18:17:30'),(180,'2018-05-30 18:17:31',395,'2018-05-30 18:17:31','2018-05-30 18:17:31'),(181,'2018-05-30 18:19:49',395,'2018-05-30 18:19:49','2018-05-30 18:19:48'),(182,'2018-05-30 18:36:38',395,'2018-05-30 18:36:38','2018-05-30 18:36:37'),(183,'2018-05-30 18:59:23',395,'2018-05-30 18:59:23','2018-05-30 18:59:23'),(184,'2018-05-30 19:04:46',395,'2018-05-30 19:04:46','2018-05-30 19:04:46'),(185,'2018-05-30 19:06:20',395,'2018-05-30 19:06:20','2018-05-30 19:06:20'),(186,'2018-05-30 19:07:15',9,'2018-05-30 19:07:15','2018-05-30 19:07:15'),(187,'2018-05-30 19:07:28',395,'2018-05-30 19:07:28','2018-05-30 19:07:28'),(188,'2018-05-30 19:10:30',9,'2018-05-30 19:10:30','2018-05-30 19:10:30'),(189,'2018-05-30 19:10:32',395,'2018-05-30 19:10:32','2018-05-30 19:10:32'),(190,'2018-05-30 19:15:59',5,'2018-05-30 19:15:59','2018-05-30 19:15:59'),(191,'2018-05-30 19:15:59',395,'2018-05-30 19:15:59','2018-05-30 19:15:59'),(192,'2018-05-30 19:16:08',395,'2018-05-30 19:16:08','2018-05-30 19:16:08'),(193,'2018-05-31 11:14:20',17,'2018-05-31 11:14:20','2018-05-31 11:14:20'),(194,'2018-05-31 15:28:19',9,'2018-05-31 15:28:19','2018-05-31 15:28:18'),(195,'2018-05-31 15:46:07',9,'2018-05-31 15:46:07','2018-05-31 15:46:06'),(196,'2018-05-31 15:46:47',9,'2018-05-31 15:46:47','2018-05-31 15:46:47'),(197,'2018-05-31 15:50:33',11,'2018-05-31 15:50:33','2018-05-31 15:50:33'),(198,'2018-05-31 15:50:34',13,'2018-05-31 15:50:34','2018-05-31 15:50:34'),(199,'2018-05-31 15:51:36',5,'2018-05-31 15:51:36','2018-05-31 15:51:36'),(200,'2018-05-31 15:51:56',6,'2018-05-31 15:51:56','2018-05-31 15:51:56'),(201,'2018-05-31 15:51:59',395,'2018-05-31 15:51:59','2018-05-31 15:51:59'),(202,'2018-05-31 18:01:21',9,'2018-05-31 18:01:21','2018-05-31 18:01:20'),(203,'2018-05-31 18:01:21',11,'2018-05-31 18:01:21','2018-05-31 18:01:21'),(204,'2018-05-31 18:01:23',13,'2018-05-31 18:01:23','2018-05-31 18:01:23'),(205,'2018-05-31 18:01:25',17,'2018-05-31 18:01:25','2018-05-31 18:01:25'),(206,'2018-05-31 18:01:27',5,'2018-05-31 18:01:27','2018-05-31 18:01:27'),(207,'2018-05-31 18:01:30',6,'2018-05-31 18:01:30','2018-05-31 18:01:30'),(208,'2018-05-31 18:01:32',395,'2018-05-31 18:01:32','2018-05-31 18:01:32'),(209,'2018-05-31 18:22:21',17,'2018-05-31 18:22:21','2018-05-31 18:22:21'),(210,'2018-05-31 18:22:26',9,'2018-05-31 18:22:26','2018-05-31 18:22:26'),(211,'2018-05-31 18:24:23',13,'2018-05-31 18:24:23','2018-05-31 18:24:23'),(212,'2018-05-31 18:24:27',9,'2018-05-31 18:24:27','2018-05-31 18:24:27'),(213,'2018-05-31 18:25:54',9,'2018-05-31 18:25:54','2018-05-31 18:25:54'),(214,'2018-05-31 18:26:07',11,'2018-05-31 18:26:07','2018-05-31 18:26:07'),(215,'2018-05-31 18:26:39',6,'2018-05-31 18:26:39','2018-05-31 18:26:39'),(216,'2018-05-31 18:39:07',395,'2018-05-31 18:39:07','2018-05-31 18:39:06'),(217,'2018-05-31 18:55:54',395,'2018-05-31 18:55:54','2018-05-31 18:55:54'),(218,'2018-06-02 17:17:14',9,'2018-06-02 17:17:14','2018-06-02 17:17:14'),(219,'2018-06-04 18:28:20',395,'2018-06-04 18:28:20','2018-06-04 18:28:19'),(220,'2018-06-04 18:28:50',395,'2018-06-04 18:28:50','2018-06-04 18:28:50'),(221,'2018-06-04 18:29:10',5,'2018-06-04 18:29:10','2018-06-04 18:29:10'),(222,'2018-06-04 18:29:13',6,'2018-06-04 18:29:13','2018-06-04 18:29:13'),(223,'2018-06-04 18:39:19',9,'2018-06-04 18:39:19','2018-06-04 18:39:18'),(224,'2018-06-04 18:39:20',11,'2018-06-04 18:39:20','2018-06-04 18:39:20'),(225,'2018-06-04 18:39:24',13,'2018-06-04 18:39:24','2018-06-04 18:39:24'),(226,'2018-06-04 18:39:27',17,'2018-06-04 18:39:27','2018-06-04 18:39:27'),(227,'2018-06-04 18:39:29',5,'2018-06-04 18:39:29','2018-06-04 18:39:29'),(228,'2018-06-04 18:39:32',6,'2018-06-04 18:39:32','2018-06-04 18:39:32'),(229,'2018-06-04 18:39:36',395,'2018-06-04 18:39:36','2018-06-04 18:39:36'),(230,'2018-06-04 18:39:54',395,'2018-06-04 18:39:54','2018-06-04 18:39:54'),(231,'2018-06-04 18:41:04',395,'2018-06-04 18:41:04','2018-06-04 18:41:04'),(232,'2018-06-04 18:42:53',395,'2018-06-04 18:42:53','2018-06-04 18:42:53'),(233,'2018-06-04 18:43:46',395,'2018-06-04 18:43:46','2018-06-04 18:43:46'),(234,'2018-06-04 19:13:46',395,'2018-06-04 19:13:46','2018-06-04 19:13:45'),(235,'2018-06-04 19:17:51',395,'2018-06-04 19:17:51','2018-06-04 19:17:50'),(236,'2018-06-04 19:25:09',395,'2018-06-04 19:25:09','2018-06-04 19:25:09'),(237,'2018-06-04 19:52:23',395,'2018-06-04 19:52:23','2018-06-04 19:52:22'),(238,'2018-06-04 19:56:40',6,'2018-06-04 19:56:40','2018-06-04 19:56:40'),(239,'2018-06-04 19:56:41',395,'2018-06-04 19:56:41','2018-06-04 19:56:41'),(240,'2018-06-05 17:52:29',395,'2018-06-05 17:52:29','2018-06-05 17:52:29'),(241,'2018-06-05 17:52:53',5,'2018-06-05 17:52:53','2018-06-05 17:52:53'),(242,'2018-06-05 17:53:03',395,'2018-06-05 17:53:03','2018-06-05 17:53:03'),(243,'2018-06-05 17:53:28',395,'2018-06-05 17:53:28','2018-06-05 17:53:28'),(244,'2018-06-05 17:54:49',6,'2018-06-05 17:54:49','2018-06-05 17:54:48'),(245,'2018-06-05 17:54:50',5,'2018-06-05 17:54:50','2018-06-05 17:54:50'),(246,'2018-06-05 17:54:52',6,'2018-06-05 17:54:52','2018-06-05 17:54:52'),(247,'2018-06-05 17:54:52',395,'2018-06-05 17:54:52','2018-06-05 17:54:52'),(248,'2018-06-06 09:25:37',9,'2018-06-06 09:25:37','2018-06-06 09:25:36'),(249,'2018-06-06 09:25:44',11,'2018-06-06 09:25:44','2018-06-06 09:25:44'),(250,'2018-06-06 09:25:46',13,'2018-06-06 09:25:46','2018-06-06 09:25:46'),(251,'2018-06-06 09:25:48',17,'2018-06-06 09:25:48','2018-06-06 09:25:48'),(252,'2018-06-06 17:17:14',9,'2018-06-06 17:17:14','2018-06-06 17:17:14'),(253,'2018-06-06 17:26:12',402,'2018-06-06 17:26:12','2018-06-06 17:26:12'),(254,'2018-06-06 17:48:46',402,'2018-06-06 17:48:46','2018-06-06 17:48:46'),(255,'2018-06-06 17:49:22',402,'2018-06-06 17:49:22','2018-06-06 17:49:22'),(256,'2018-06-06 17:50:07',402,'2018-06-06 17:50:07','2018-06-06 17:50:07'),(257,'2018-06-06 18:01:01',9,'2018-06-06 18:01:01','2018-06-06 18:01:01'),(258,'2018-06-06 18:01:21',402,'2018-06-06 18:01:21','2018-06-06 18:01:21'),(259,'2018-06-06 18:23:56',402,'2018-06-06 18:23:56','2018-06-06 18:23:56'),(260,'2018-06-06 18:24:35',402,'2018-06-06 18:24:35','2018-06-06 18:24:35'),(261,'2018-06-06 18:29:05',9,'2018-06-06 18:29:05','2018-06-06 18:29:05'),(262,'2018-06-06 18:52:08',17,'2018-06-06 18:52:08','2018-06-06 18:52:07');
/*!40000 ALTER TABLE `sys_menu_visit_log` ENABLE KEYS */;
UNLOCK TABLES;

--
-- Table structure for table `sys_permission`
--

DROP TABLE IF EXISTS `sys_permission`;
/*!40101 SET @saved_cs_client     = @@character_set_client */;
/*!40101 SET character_set_client = utf8 */;
CREATE TABLE `sys_permission` (
  `ID` bigint(20) NOT NULL,
  `CREATE_TIME` datetime DEFAULT NULL,
  `MODIFY_TIME` datetime DEFAULT NULL,
  `NAME` varchar(255) DEFAULT NULL,
  `VALUE` bigint(20) DEFAULT NULL,
  PRIMARY KEY (`ID`)
) ENGINE=InnoDB DEFAULT CHARSET=utf8;
/*!40101 SET character_set_client = @saved_cs_client */;

--
-- Dumping data for table `sys_permission`
--

LOCK TABLES `sys_permission` WRITE;
/*!40000 ALTER TABLE `sys_permission` DISABLE KEYS */;
/*!40000 ALTER TABLE `sys_permission` ENABLE KEYS */;
UNLOCK TABLES;

--
-- Table structure for table `sys_role`
--

DROP TABLE IF EXISTS `sys_role`;
/*!40101 SET @saved_cs_client     = @@character_set_client */;
/*!40101 SET character_set_client = utf8 */;
CREATE TABLE `sys_role` (
  `ID` bigint(20) NOT NULL,
  `CREATE_TIME` datetime DEFAULT NULL,
  `MODIFY_TIME` datetime DEFAULT NULL,
  `NAME` varchar(255) DEFAULT NULL,
  PRIMARY KEY (`ID`)
) ENGINE=InnoDB DEFAULT CHARSET=utf8;
/*!40101 SET character_set_client = @saved_cs_client */;

--
-- Dumping data for table `sys_role`
--

LOCK TABLES `sys_role` WRITE;
/*!40000 ALTER TABLE `sys_role` DISABLE KEYS */;
INSERT INTO `sys_role` VALUES (1,'2018-05-21 17:42:41','2018-05-22 13:50:16','超级管理员'),(2,'2018-05-21 17:42:54','2018-05-22 13:50:16','系统维护管理员'),(3,'2018-05-21 17:45:12','2018-05-22 13:50:16','映射管理员'),(4,'2018-05-21 17:45:35','2018-05-22 13:50:16','工作流管理员');
/*!40000 ALTER TABLE `sys_role` ENABLE KEYS */;
UNLOCK TABLES;

--
-- Table structure for table `sys_sequence`
--

DROP TABLE IF EXISTS `sys_sequence`;
/*!40101 SET @saved_cs_client     = @@character_set_client */;
/*!40101 SET character_set_client = utf8 */;
CREATE TABLE `sys_sequence` (
  `ENTITY_CODE` varchar(255) NOT NULL,
  `SEQUENCE_NO` bigint(20) DEFAULT NULL,
  PRIMARY KEY (`ENTITY_CODE`)
) ENGINE=InnoDB DEFAULT CHARSET=utf8;
/*!40101 SET character_set_client = @saved_cs_client */;

--
-- Dumping data for table `sys_sequence`
--

LOCK TABLES `sys_sequence` WRITE;
/*!40000 ALTER TABLE `sys_sequence` DISABLE KEYS */;
INSERT INTO `sys_sequence` VALUES ('cn.doublepoint.template.dto.domain.model.entity.sys.cn.doublepoint.template.dto.domain.model.entity.sys.AnnouncementChanged',10),('cn.doublepoint.template.dto.domain.model.entity.sys.cn.doublepoint.template.dto.domain.model.entity.sys.Code',2),('cn.doublepoint.template.dto.domain.model.entity.sys.cn.doublepoint.template.dto.domain.model.entity.sys.ExtendProperty',1),('cn.doublepoint.template.dto.domain.model.entity.sys.cn.doublepoint.template.dto.domain.model.entity.sys.Menu',408),('cn.doublepoint.template.dto.domain.model.entity.sys.cn.doublepoint.template.dto.domain.model.entity.sys.MenuVisitLog',98),('cn.doublepoint.template.dto.domain.model.entity.sys.cn.doublepoint.template.dto.domain.model.entity.sys.Worksheet',9),('ll.workflow.worksheetNo',11);
/*!40000 ALTER TABLE `sys_sequence` ENABLE KEYS */;
UNLOCK TABLES;

--
-- Table structure for table `sys_worksheet`
--

DROP TABLE IF EXISTS `sys_worksheet`;
/*!40101 SET @saved_cs_client     = @@character_set_client */;
/*!40101 SET character_set_client = utf8 */;
CREATE TABLE `sys_worksheet` (
  `ID` bigint(20) NOT NULL,
  `CLASSIFICATION` varchar(255) DEFAULT NULL,
  `CREATE_TIME` datetime DEFAULT NULL,
  `CREATE_USER_ID` bigint(20) DEFAULT NULL,
  `DESCRIPTION` varchar(255) DEFAULT NULL,
  `INSTANCE_ID` varchar(255) DEFAULT NULL,
  `MODIFY_TIME` datetime DEFAULT NULL,
  `NAME` varchar(255) DEFAULT NULL,
  `STATE` varchar(255) DEFAULT NULL,
  `WORKSHEET_NO` varchar(255) DEFAULT NULL,
  `CREATE_USER` varchar(255) DEFAULT NULL,
  PRIMARY KEY (`ID`)
) ENGINE=InnoDB DEFAULT CHARSET=utf8;
/*!40101 SET character_set_client = @saved_cs_client */;

--
-- Dumping data for table `sys_worksheet`
--

LOCK TABLES `sys_worksheet` WRITE;
/*!40000 ALTER TABLE `sys_worksheet` DISABLE KEYS */;
INSERT INTO `sys_worksheet` VALUES (1,NULL,'2018-06-09 23:29:20',NULL,NULL,'\"\"','2018-06-09 23:29:20',NULL,'1','3','liulei'),(2,NULL,'2018-06-09 23:30:54',NULL,NULL,'\"\"','2018-06-09 23:30:54',NULL,'1','4','liulei'),(3,NULL,'2018-06-09 23:32:53',NULL,NULL,'\"\"','2018-06-09 23:32:53',NULL,'1','5','liulei'),(4,NULL,'2018-06-09 23:34:02',NULL,NULL,'\"\"','2018-06-09 23:34:02',NULL,'1','6','liulei'),(5,NULL,'2018-06-09 23:35:30',NULL,NULL,'\"\"','2018-06-09 23:35:30',NULL,'1','7','liulei'),(6,NULL,'2018-06-09 23:37:31',NULL,NULL,'\"\"','2018-06-09 23:37:31',NULL,'1','8','liulei'),(7,NULL,'2018-06-09 23:38:34',NULL,NULL,'\"\"','2018-06-09 23:38:34',NULL,'1','9','liulei'),(8,NULL,'2018-06-09 23:39:15',NULL,NULL,'\"\"','2018-06-09 23:39:15',NULL,'1','10','liulei'),(9,NULL,'2018-06-09 23:39:44',NULL,NULL,'\"\"','2018-06-09 23:39:44',NULL,'1','11','liulei');
/*!40000 ALTER TABLE `sys_worksheet` ENABLE KEYS */;
UNLOCK TABLES;

--
-- Table structure for table `sys_worksheet_aduit`
--

DROP TABLE IF EXISTS `sys_worksheet_aduit`;
/*!40101 SET @saved_cs_client     = @@character_set_client */;
/*!40101 SET character_set_client = utf8 */;
CREATE TABLE `sys_worksheet_aduit` (
  `ID` bigint(20) NOT NULL,
  `ADUIT_RESULT` varchar(255) DEFAULT NULL,
  `CREATE_TIME` datetime DEFAULT NULL,
  `MODIFY_TIME` datetime DEFAULT NULL,
  `PEACH_NO` int(11) DEFAULT NULL,
  `REMARK` varchar(255) DEFAULT NULL,
  `TASK_ID` bigint(20) DEFAULT NULL,
  `WORKSHEET_NO` varchar(255) DEFAULT NULL,
  PRIMARY KEY (`ID`)
) ENGINE=InnoDB DEFAULT CHARSET=utf8;
/*!40101 SET character_set_client = @saved_cs_client */;

--
-- Dumping data for table `sys_worksheet_aduit`
--

LOCK TABLES `sys_worksheet_aduit` WRITE;
/*!40000 ALTER TABLE `sys_worksheet_aduit` DISABLE KEYS */;
/*!40000 ALTER TABLE `sys_worksheet_aduit` ENABLE KEYS */;
UNLOCK TABLES;

--
-- Table structure for table `user`
--

DROP TABLE IF EXISTS `user`;
/*!40101 SET @saved_cs_client     = @@character_set_client */;
/*!40101 SET character_set_client = utf8 */;
CREATE TABLE `user` (
  `ID` bigint(20) NOT NULL,
  `CREATE_TIME` datetime DEFAULT NULL,
  `LOGIN_ACCOUNT_NO` int(11) DEFAULT NULL,
  `LOGIN_PASSWORD` int(11) DEFAULT NULL,
  `MODIFY_TIME` datetime DEFAULT NULL,
  `NAME` varchar(255) DEFAULT NULL,
  PRIMARY KEY (`ID`)
) ENGINE=InnoDB DEFAULT CHARSET=utf8;
/*!40101 SET character_set_client = @saved_cs_client */;

--
-- Dumping data for table `user`
--

LOCK TABLES `user` WRITE;
/*!40000 ALTER TABLE `user` DISABLE KEYS */;
/*!40000 ALTER TABLE `user` ENABLE KEYS */;
UNLOCK TABLES;

--
-- Table structure for table `xtconstant`
--

DROP TABLE IF EXISTS `xtconstant`;
/*!40101 SET @saved_cs_client     = @@character_set_client */;
/*!40101 SET character_set_client = utf8 */;
CREATE TABLE `xtconstant` (
  `是否标志Y` int(11) NOT NULL,
  `是否标志X` int(11) DEFAULT NULL,
  PRIMARY KEY (`是否标志Y`)
) ENGINE=InnoDB DEFAULT CHARSET=utf8;
/*!40101 SET character_set_client = @saved_cs_client */;

--
-- Dumping data for table `xtconstant`
--

LOCK TABLES `xtconstant` WRITE;
/*!40000 ALTER TABLE `xtconstant` DISABLE KEYS */;
/*!40000 ALTER TABLE `xtconstant` ENABLE KEYS */;
UNLOCK TABLES;
/*!40103 SET TIME_ZONE=@OLD_TIME_ZONE */;

/*!40101 SET SQL_MODE=@OLD_SQL_MODE */;
/*!40014 SET FOREIGN_KEY_CHECKS=@OLD_FOREIGN_KEY_CHECKS */;
/*!40014 SET UNIQUE_CHECKS=@OLD_UNIQUE_CHECKS */;
/*!40101 SET CHARACTER_SET_CLIENT=@OLD_CHARACTER_SET_CLIENT */;
/*!40101 SET CHARACTER_SET_RESULTS=@OLD_CHARACTER_SET_RESULTS */;
/*!40101 SET COLLATION_CONNECTION=@OLD_COLLATION_CONNECTION */;
/*!40111 SET SQL_NOTES=@OLD_SQL_NOTES */;

-- Dump completed on 2018-06-09 23:49:37
