-- MySQL dump 10.13  Distrib 5.7.12, for Win64 (x86_64)
--
-- Host: localhost    Database: bootweb
-- ------------------------------------------------------
-- Server version	5.7.17-log

/*!40101 SET @OLD_CHARACTER_SET_CLIENT=@@CHARACTER_SET_CLIENT */;
/*!40101 SET @OLD_CHARACTER_SET_RESULTS=@@CHARACTER_SET_RESULTS */;
/*!40101 SET @OLD_COLLATION_CONNECTION=@@COLLATION_CONNECTION */;
/*!40101 SET NAMES utf8 */;
/*!40103 SET @OLD_TIME_ZONE=@@TIME_ZONE */;
/*!40103 SET TIME_ZONE='+00:00' */;
/*!40014 SET @OLD_UNIQUE_CHECKS=@@UNIQUE_CHECKS, UNIQUE_CHECKS=0 */;
/*!40014 SET @OLD_FOREIGN_KEY_CHECKS=@@FOREIGN_KEY_CHECKS, FOREIGN_KEY_CHECKS=0 */;
/*!40101 SET @OLD_SQL_MODE=@@SQL_MODE, SQL_MODE='NO_AUTO_VALUE_ON_ZERO' */;
/*!40111 SET @OLD_SQL_NOTES=@@SQL_NOTES, SQL_NOTES=0 */;

--
-- Table structure for table `sys_admin`
--

DROP TABLE IF EXISTS `sys_admin`;
/*!40101 SET @saved_cs_client     = @@character_set_client */;
/*!40101 SET character_set_client = utf8 */;
CREATE TABLE `sys_admin` (
  `ID` bigint(20) NOT NULL,
  `CREATE_TIME` datetime DEFAULT NULL,
  `LOGIN_ACCOUNT_NO` varchar(255) DEFAULT NULL,
  `LOGIN_PASSWORD` varchar(255) DEFAULT NULL,
  `MODIFY_TIME` datetime DEFAULT NULL,
  `ENABLE` varchar(2) DEFAULT NULL,
  `role_id` bigint(20) DEFAULT NULL,
  PRIMARY KEY (`ID`)
) ENGINE=InnoDB DEFAULT CHARSET=utf8;
/*!40101 SET character_set_client = @saved_cs_client */;

--
-- Dumping data for table `sys_admin`
--

LOCK TABLES `sys_admin` WRITE;
/*!40000 ALTER TABLE `sys_admin` DISABLE KEYS */;
INSERT INTO `sys_admin` VALUES (1,'2018-05-22 17:26:06','admin','d41d8cd98f00b204e9800998ecf8427e','2018-05-22 17:26:06','0',NULL),(2,'2018-05-22 17:27:27','liulei','c81e728d9d4c2f636f067f89cc14862c','2018-05-22 17:27:27','1',NULL),(3,'2018-05-22 17:28:17','super','c81e728d9d4c2f636f067f89cc14862c','2018-05-22 17:28:17','1',NULL);
/*!40000 ALTER TABLE `sys_admin` ENABLE KEYS */;
UNLOCK TABLES;

--
-- Table structure for table `sys_admin_login_log`
--

DROP TABLE IF EXISTS `sys_admin_login_log`;
/*!40101 SET @saved_cs_client     = @@character_set_client */;
/*!40101 SET character_set_client = utf8 */;
CREATE TABLE `sys_admin_login_log` (
  `ID` bigint(20) NOT NULL,
  `ADMIN_ID` bigint(20) DEFAULT NULL,
  `IS_PASSWORD_ERROR` varchar(255) DEFAULT NULL,
  `LOGIN_TIME` datetime DEFAULT NULL,
  PRIMARY KEY (`ID`)
) ENGINE=InnoDB DEFAULT CHARSET=utf8;
/*!40101 SET character_set_client = @saved_cs_client */;

--
-- Dumping data for table `sys_admin_login_log`
--

LOCK TABLES `sys_admin_login_log` WRITE;
/*!40000 ALTER TABLE `sys_admin_login_log` DISABLE KEYS */;
/*!40000 ALTER TABLE `sys_admin_login_log` ENABLE KEYS */;
UNLOCK TABLES;

--
-- Table structure for table `sys_announcement`
--

DROP TABLE IF EXISTS `sys_announcement`;
/*!40101 SET @saved_cs_client     = @@character_set_client */;
/*!40101 SET character_set_client = utf8 */;
CREATE TABLE `sys_announcement` (
  `ID` bigint(20) NOT NULL,
  `CONTENT` varchar(255) DEFAULT NULL,
  `CREATE_TIME` datetime DEFAULT NULL,
  `MODIFY_TIME` datetime DEFAULT NULL,
  `TYPE` varchar(255) DEFAULT NULL,
  PRIMARY KEY (`ID`)
) ENGINE=InnoDB DEFAULT CHARSET=utf8;
/*!40101 SET character_set_client = @saved_cs_client */;

--
-- Dumping data for table `sys_announcement`
--

LOCK TABLES `sys_announcement` WRITE;
/*!40000 ALTER TABLE `sys_announcement` DISABLE KEYS */;
/*!40000 ALTER TABLE `sys_announcement` ENABLE KEYS */;
UNLOCK TABLES;

--
-- Table structure for table `sys_announcement_changed`
--

DROP TABLE IF EXISTS `sys_announcement_changed`;
/*!40101 SET @saved_cs_client     = @@character_set_client */;
/*!40101 SET character_set_client = utf8 */;
CREATE TABLE `sys_announcement_changed` (
  `WORKSHEET_NO` varchar(255) NOT NULL,
  `CONTENT` varchar(255) DEFAULT NULL,
  `CREATE_ADMIN_ID` bigint(20) DEFAULT NULL,
  `CREATE_TIME` datetime DEFAULT NULL,
  `ID` bigint(20) DEFAULT NULL,
  `MODIFY_TIME` datetime DEFAULT NULL,
  `TYPE` varchar(255) DEFAULT NULL,
  `TITLE` varchar(255) DEFAULT NULL,
  PRIMARY KEY (`WORKSHEET_NO`)
) ENGINE=InnoDB DEFAULT CHARSET=utf8;
/*!40101 SET character_set_client = @saved_cs_client */;

--
-- Dumping data for table `sys_announcement_changed`
--

LOCK TABLES `sys_announcement_changed` WRITE;
/*!40000 ALTER TABLE `sys_announcement_changed` DISABLE KEYS */;
INSERT INTO `sys_announcement_changed` VALUES ('1',NULL,NULL,'2018-06-09 23:06:54',1,'2018-06-09 23:06:54',NULL,NULL),('10','测试内容',NULL,'2018-06-09 23:39:15',9,'2018-06-09 23:39:15',NULL,'201806091126'),('11','测试内容',NULL,'2018-06-09 23:39:44',10,'2018-06-09 23:39:44',NULL,'201806091126'),('12','2',NULL,'2018-06-11 22:54:56',11,'2018-06-11 22:54:56',NULL,'测试1'),('13','2',NULL,'2018-06-11 22:55:00',12,'2018-06-11 22:55:00',NULL,'测试1'),('14','2',NULL,'2018-06-11 22:55:02',13,'2018-06-11 22:55:02',NULL,'测试1'),('15','',NULL,'2018-10-09 22:01:12',14,'2018-10-09 22:01:12',NULL,''),('16','',NULL,'2018-10-12 22:30:09',15,'2018-10-12 22:30:09',NULL,''),('17','',NULL,'2018-10-13 22:50:01',16,'2018-10-13 22:50:01',NULL,''),('18','',NULL,'2018-10-13 23:05:23',17,'2018-10-13 23:05:23',NULL,''),('19','',NULL,'2018-10-14 11:18:21',18,'2018-10-14 11:18:21',NULL,''),('20','',NULL,'2018-10-14 11:31:35',19,'2018-10-14 11:31:35',NULL,''),('21','',NULL,'2018-10-14 11:43:42',20,'2018-10-14 11:43:42',NULL,''),('22','',NULL,'2018-10-14 11:51:20',21,'2018-10-14 11:51:20',NULL,''),('23','',NULL,'2018-10-14 12:00:37',22,'2018-10-14 12:00:37',NULL,''),('24','',NULL,'2018-10-14 12:10:34',23,'2018-10-14 12:10:34',NULL,''),('25','',NULL,'2018-10-14 12:12:40',24,'2018-10-14 12:12:40',NULL,''),('26','',NULL,'2018-10-14 12:20:00',25,'2018-10-14 12:20:00',NULL,''),('27','',NULL,'2018-10-14 12:22:00',26,'2018-10-14 12:22:00',NULL,''),('28','',NULL,'2018-10-14 17:32:57',27,'2018-10-14 17:32:57',NULL,''),('29','',NULL,'2018-10-14 17:33:16',28,'2018-10-14 17:33:16',NULL,''),('3','测试内容',NULL,'2018-06-09 23:29:22',2,'2018-06-09 23:29:22',NULL,'201806091126'),('30','',NULL,'2018-10-14 17:33:45',29,'2018-10-14 17:33:45',NULL,''),('31','',NULL,'2018-10-14 17:33:47',30,'2018-10-14 17:33:47',NULL,''),('32','',NULL,'2018-10-14 17:33:49',31,'2018-10-14 17:33:49',NULL,''),('33','',NULL,'2018-10-14 17:33:51',32,'2018-10-14 17:33:51',NULL,''),('34','',NULL,'2018-10-14 21:47:58',33,'2018-10-14 21:47:58',NULL,''),('35','',NULL,'2018-10-14 22:02:59',34,'2018-10-14 22:02:59',NULL,''),('36','',NULL,'2018-10-14 22:04:02',35,'2018-10-14 22:04:02',NULL,''),('37','',NULL,'2018-10-14 22:04:33',36,'2018-10-14 22:04:33',NULL,''),('38','',NULL,'2018-10-14 22:05:03',37,'2018-10-14 22:05:03',NULL,''),('39','',NULL,'2018-10-14 22:14:43',38,'2018-10-14 22:14:43',NULL,''),('4','测试内容',NULL,'2018-06-09 23:30:55',3,'2018-06-09 23:30:55',NULL,'201806091126'),('40','',NULL,'2018-10-14 22:22:08',39,'2018-10-14 22:22:08',NULL,''),('41','',NULL,'2018-10-14 22:22:38',40,'2018-10-14 22:22:38',NULL,''),('42','',NULL,'2018-10-14 22:23:55',41,'2018-10-14 22:23:55',NULL,''),('43','',NULL,'2018-10-14 22:24:50',42,'2018-10-14 22:24:50',NULL,''),('44','',NULL,'2018-11-08 21:20:19',43,'2018-11-08 21:20:19',NULL,''),('5','测试内容',NULL,'2018-06-09 23:32:53',4,'2018-06-09 23:32:53',NULL,'201806091126'),('6','测试内容',NULL,'2018-06-09 23:34:02',5,'2018-06-09 23:34:02',NULL,'201806091126'),('7','测试内容',NULL,'2018-06-09 23:35:30',6,'2018-06-09 23:35:30',NULL,'201806091126'),('8','测试内容',NULL,'2018-06-09 23:37:31',7,'2018-06-09 23:37:31',NULL,'201806091126'),('9','测试内容',NULL,'2018-06-09 23:38:34',8,'2018-06-09 23:38:34',NULL,'201806091126');
/*!40000 ALTER TABLE `sys_announcement_changed` ENABLE KEYS */;
UNLOCK TABLES;

--
-- Table structure for table `sys_code`
--

DROP TABLE IF EXISTS `sys_code`;
/*!40101 SET @saved_cs_client     = @@character_set_client */;
/*!40101 SET character_set_client = utf8 */;
CREATE TABLE `sys_code` (
  `ID` bigint(20) NOT NULL,
  `CLASSIFY` varchar(255) DEFAULT NULL,
  `CODE` varchar(255) DEFAULT NULL,
  `CODE_NAME` varchar(255) DEFAULT NULL,
  `CREATE_TIME` datetime DEFAULT NULL,
  `DISPLAY_SN` int(11) DEFAULT NULL,
  `MODIFY_TIME` datetime DEFAULT NULL,
  `PARENT_ID` varchar(255) DEFAULT NULL,
  `SCENE1` varchar(255) DEFAULT NULL,
  `SCENE2` varchar(255) DEFAULT NULL,
  `SCENE3` varchar(255) DEFAULT NULL,
  `ENABLE` varchar(255) DEFAULT NULL,
  PRIMARY KEY (`ID`)
) ENGINE=InnoDB DEFAULT CHARSET=utf8;
/*!40101 SET character_set_client = @saved_cs_client */;

--
-- Dumping data for table `sys_code`
--

LOCK TABLES `sys_code` WRITE;
/*!40000 ALTER TABLE `sys_code` DISABLE KEYS */;
INSERT INTO `sys_code` VALUES (1,'YesOrNo','1','是','2018-06-07 19:24:52',0,'2018-11-06 21:54:07','','','','',''),(2,'YesOrNo','0','否','2018-06-07 19:24:52',2,'2018-11-06 21:54:07','','','','',''),(4,'WorksheetState','0','作废','2018-06-14 22:56:24',4,'2018-11-06 21:54:07','','','','',''),(5,'WorksheetState','2','完成','2018-06-14 22:56:24',2,'2018-11-06 21:54:07','','','','',''),(6,'WorksheetState','3','暂停','2018-06-14 22:56:24',3,'2018-11-06 21:54:07','','','','',''),(7,'WorksheetState','1','运行中','2018-06-14 22:56:24',1,'2018-11-06 21:54:07','','','','',''),(8,'Gender','1','男','2018-06-14 23:08:34',2,'2018-11-06 21:54:07','','','','',''),(9,'Gender','0','女','2018-06-14 23:08:34',1,'2018-11-06 21:54:07','','','','',''),(10,'Gender','2','其他','2018-06-14 23:08:34',0,'2018-11-06 21:54:07','','','','',''),(11,'OpenOrClose','1','开启','2018-06-14 23:08:34',0,'2018-11-06 21:54:07','','','','',''),(12,'OpenOrClose','0','关闭','2018-06-14 23:08:34',0,'2018-11-06 21:54:07','','','','','');
/*!40000 ALTER TABLE `sys_code` ENABLE KEYS */;
UNLOCK TABLES;

--
-- Table structure for table `sys_entity_filter`
--

DROP TABLE IF EXISTS `sys_entity_filter`;
/*!40101 SET @saved_cs_client     = @@character_set_client */;
/*!40101 SET character_set_client = utf8 */;
CREATE TABLE `sys_entity_filter` (
  `ID` bigint(20) NOT NULL,
  `CREATE_TIME` datetime DEFAULT NULL,
  `FILTER` varchar(255) DEFAULT NULL,
  `MODIFY_TIME` datetime DEFAULT NULL,
  `USER_ID` varchar(255) DEFAULT NULL,
  PRIMARY KEY (`ID`)
) ENGINE=InnoDB DEFAULT CHARSET=utf8;
/*!40101 SET character_set_client = @saved_cs_client */;

--
-- Dumping data for table `sys_entity_filter`
--

LOCK TABLES `sys_entity_filter` WRITE;
/*!40000 ALTER TABLE `sys_entity_filter` DISABLE KEYS */;
/*!40000 ALTER TABLE `sys_entity_filter` ENABLE KEYS */;
UNLOCK TABLES;

--
-- Table structure for table `sys_extend_property`
--

DROP TABLE IF EXISTS `sys_extend_property`;
/*!40101 SET @saved_cs_client     = @@character_set_client */;
/*!40101 SET character_set_client = utf8 */;
CREATE TABLE `sys_extend_property` (
  `ID` bigint(20) NOT NULL,
  `CODE` varchar(255) DEFAULT NULL,
  `CREATE_TIME` datetime DEFAULT NULL,
  `MODIFY_TIME` datetime DEFAULT NULL,
  `NAME` varchar(255) DEFAULT NULL,
  `QUERY` varchar(255) DEFAULT NULL,
  PRIMARY KEY (`ID`)
) ENGINE=InnoDB DEFAULT CHARSET=utf8;
/*!40101 SET character_set_client = @saved_cs_client */;

--
-- Dumping data for table `sys_extend_property`
--

LOCK TABLES `sys_extend_property` WRITE;
/*!40000 ALTER TABLE `sys_extend_property` DISABLE KEYS */;
INSERT INTO `sys_extend_property` VALUES (1,'YesOrNo','2018-06-07 19:24:18','2018-11-06 21:55:47','是否','SELECT CODE,CODE_NAME,\'\' FILETER FROM SYS_CODE  WHERE CLASSIFY=\'YesOrNo\' ORDER BY DISPLAY_SN'),(2,'WorksheetState','2018-06-14 22:55:07','2018-11-06 21:55:47','工作单状态','SELECT CODE,CODE_NAME,\'\' FILETER FROM SYS_CODE WHERE CLASSIFY=\'WorksheetState\' ORDER BY DISPLAY_SN');
/*!40000 ALTER TABLE `sys_extend_property` ENABLE KEYS */;
UNLOCK TABLES;

--
-- Table structure for table `sys_menu`
--

DROP TABLE IF EXISTS `sys_menu`;
/*!40101 SET @saved_cs_client     = @@character_set_client */;
/*!40101 SET character_set_client = utf8 */;
CREATE TABLE `sys_menu` (
  `ID` bigint(20) NOT NULL,
  `CREATE_TIME` datetime DEFAULT NULL,
  `LEVEL` int(11) DEFAULT NULL,
  `LINK` varchar(255) DEFAULT NULL,
  `MODIFY_TIME` datetime DEFAULT NULL,
  `NAME` varchar(255) DEFAULT NULL,
  `PARENT_ID` bigint(20) DEFAULT NULL,
  `SN` int(11) DEFAULT NULL,
  `IS_CROSS_DOMAIN` varchar(255) DEFAULT NULL,
  PRIMARY KEY (`ID`)
) ENGINE=InnoDB DEFAULT CHARSET=utf8;
/*!40101 SET character_set_client = @saved_cs_client */;

--
-- Dumping data for table `sys_menu`
--

LOCK TABLES `sys_menu` WRITE;
/*!40000 ALTER TABLE `sys_menu` DISABLE KEYS */;
INSERT INTO `sys_menu` VALUES (1,'2018-11-12 09:15:03',1,'','2018-11-12 09:15:03','映射',0,3,NULL),(3,'2018-11-12 09:16:11',2,'sys/assistant/generateEntityOom','2018-11-12 13:48:08','实体映射（oom）',1,NULL,NULL),(4,'2018-11-12 13:54:47',2,'sys/assistant/generateEntity','2018-11-12 13:54:47','实体映射（数据库）',1,1,NULL),(6,'2018-04-05 20:09:35',2,'http://localhost:8081/bootworkflow/oll/instance/process-list','2018-11-12 14:11:09','工作流管理',412,3,'true'),(9,'2018-04-09 23:19:03',2,'sys/menu/','2018-10-16 22:03:08','菜单管理',15,1,NULL),(11,'2018-04-09 23:47:46',2,'sys/role/','2018-10-17 22:58:44','角色管理',15,2,NULL),(12,'2018-04-09 23:48:22',2,'',NULL,'权限管理',15,3,NULL),(13,'2018-04-09 23:50:10',2,'sys/admin/','2018-10-17 22:58:54','操作员管理',15,4,NULL),(14,'2018-04-09 23:50:19',2,'',NULL,'组织管理',15,5,NULL),(15,'2018-04-23 17:34:11',1,'','2018-06-07 19:21:57','系统维护',0,1,''),(396,'2018-05-31 18:24:45',1,'','2018-06-07 19:21:51','个人设置',0,4,''),(397,'2018-05-31 18:24:55',2,'','2018-05-31 18:25:14','密码修改',396,2,''),(398,'2018-05-31 18:25:06',2,'','2018-05-31 18:25:06','基本信息',396,1,NULL),(401,'2018-06-06 17:25:24',1,'','2018-06-06 17:25:24','工作流测试',0,NULL,NULL),(402,'2018-06-06 17:26:00',2,'sys/workflow/announcement/apply','2018-10-16 21:46:23','公告申请流程',401,1,''),(406,'2018-06-07 19:20:54',2,'sys/code/','2018-10-17 22:58:39','代码管理',15,1,NULL),(407,'2018-06-07 19:22:52',2,'sys/extendproperty/','2018-10-17 22:59:05','扩展属性',15,6,NULL),(409,'2018-06-12 22:49:20',2,'/sys/worksheet/query','2018-11-12 14:10:33','工作单查询',412,1,NULL),(411,'2018-11-12 14:09:35',2,'sys/config/entityFilterParamConfig','2018-11-12 14:09:35','实体过滤字',1,5,NULL),(412,'2018-11-12 14:10:14',1,'','2018-11-12 14:11:26','工作单管理',0,5,NULL);
/*!40000 ALTER TABLE `sys_menu` ENABLE KEYS */;
UNLOCK TABLES;

--
-- Table structure for table `sys_menu_role`
--

DROP TABLE IF EXISTS `sys_menu_role`;
/*!40101 SET @saved_cs_client     = @@character_set_client */;
/*!40101 SET character_set_client = utf8 */;
CREATE TABLE `sys_menu_role` (
  `ID` bigint(20) NOT NULL,
  `CREATE_TIME` datetime DEFAULT NULL,
  `MENU_ID` bigint(20) DEFAULT NULL,
  `MODIFY_TIME` datetime DEFAULT NULL,
  `ROLE_ID` bigint(20) DEFAULT NULL,
  PRIMARY KEY (`ID`)
) ENGINE=InnoDB DEFAULT CHARSET=utf8;
/*!40101 SET character_set_client = @saved_cs_client */;

--
-- Dumping data for table `sys_menu_role`
--

LOCK TABLES `sys_menu_role` WRITE;
/*!40000 ALTER TABLE `sys_menu_role` DISABLE KEYS */;
INSERT INTO `sys_menu_role` VALUES (40,'2018-05-22 11:08:38',0,'2018-05-22 11:08:38',1),(41,'2018-05-22 11:08:38',1,'2018-05-22 11:08:38',1),(42,'2018-05-22 11:08:38',17,'2018-05-22 11:08:38',1),(43,'2018-05-22 11:08:38',8,'2018-05-22 11:08:38',1),(44,'2018-05-22 11:08:38',2,'2018-05-22 11:08:38',1),(45,'2018-05-22 11:08:38',3,'2018-05-22 11:08:38',1),(46,'2018-05-22 11:08:38',16,'2018-05-22 11:08:38',1),(47,'2018-05-22 11:08:38',4,'2018-05-22 11:08:38',1),(48,'2018-05-22 11:08:38',5,'2018-05-22 11:08:38',1),(49,'2018-05-22 11:08:38',7,'2018-05-22 11:08:38',1),(50,'2018-05-22 11:08:38',6,'2018-05-22 11:08:38',1),(51,'2018-05-22 11:08:50',0,'2018-05-22 11:08:50',3),(52,'2018-05-22 11:08:50',15,'2018-05-22 11:08:50',3),(53,'2018-05-22 11:08:50',9,'2018-05-22 11:08:50',3);
/*!40000 ALTER TABLE `sys_menu_role` ENABLE KEYS */;
UNLOCK TABLES;

--
-- Table structure for table `sys_menu_visit_log`
--

DROP TABLE IF EXISTS `sys_menu_visit_log`;
/*!40101 SET @saved_cs_client     = @@character_set_client */;
/*!40101 SET character_set_client = utf8 */;
CREATE TABLE `sys_menu_visit_log` (
  `ID` bigint(20) NOT NULL,
  `CREATE_TIME` datetime DEFAULT NULL,
  `MENU_ID` bigint(20) DEFAULT NULL,
  `MODIFY_TIME` datetime DEFAULT NULL,
  `VISIT_TIME` datetime DEFAULT NULL,
  PRIMARY KEY (`ID`)
) ENGINE=InnoDB DEFAULT CHARSET=utf8;
/*!40101 SET character_set_client = @saved_cs_client */;

--
-- Dumping data for table `sys_menu_visit_log`
--

LOCK TABLES `sys_menu_visit_log` WRITE;
/*!40000 ALTER TABLE `sys_menu_visit_log` DISABLE KEYS */;
INSERT INTO `sys_menu_visit_log` VALUES (1,'2018-11-12 09:14:12',9,'2018-11-12 09:14:12','2018-11-12 09:14:12'),(2,'2018-11-12 09:22:15',9,'2018-11-12 09:22:15','2018-11-12 09:22:15'),(3,'2018-11-12 13:37:18',9,'2018-11-12 13:37:18','2018-11-12 13:37:18'),(4,'2018-06-07 17:39:03',9,'2018-06-07 17:39:03','2018-06-07 17:39:03'),(5,'2018-06-07 17:39:07',11,'2018-06-07 17:39:07','2018-06-07 17:39:07'),(6,'2018-06-07 18:00:55',9,'2018-06-07 18:00:55','2018-06-07 18:00:54'),(7,'2018-06-07 18:00:59',9,'2018-06-07 18:00:59','2018-06-07 18:00:59'),(8,'2018-06-07 18:01:01',9,'2018-06-07 18:01:01','2018-06-07 18:01:01'),(9,'2018-06-07 18:01:04',9,'2018-06-07 18:01:04','2018-06-07 18:01:04'),(10,'2018-06-07 18:01:07',9,'2018-06-07 18:01:07','2018-06-07 18:01:07'),(11,'2018-06-07 18:01:09',9,'2018-06-07 18:01:09','2018-06-07 18:01:09'),(12,'2018-06-07 18:01:11',11,'2018-06-07 18:01:11','2018-06-07 18:01:11'),(13,'2018-06-07 18:01:13',11,'2018-06-07 18:01:13','2018-06-07 18:01:13'),(14,'2018-06-07 18:01:14',13,'2018-06-07 18:01:14','2018-06-07 18:01:14'),(15,'2018-06-07 18:01:18',11,'2018-06-07 18:01:18','2018-06-07 18:01:18'),(16,'2018-06-07 18:01:24',13,'2018-06-07 18:01:24','2018-06-07 18:01:24'),(17,'2018-06-07 18:01:27',17,'2018-06-07 18:01:27','2018-06-07 18:01:27'),(18,'2018-06-07 18:01:33',9,'2018-06-07 18:01:33','2018-06-07 18:01:33'),(19,'2018-06-07 18:01:34',11,'2018-06-07 18:01:34','2018-06-07 18:01:34'),(20,'2018-06-07 18:01:37',13,'2018-06-07 18:01:37','2018-06-07 18:01:37'),(21,'2018-06-07 18:01:40',17,'2018-06-07 18:01:40','2018-06-07 18:01:40'),(22,'2018-06-07 18:01:42',8,'2018-06-07 18:01:42','2018-06-07 18:01:42'),(23,'2018-06-07 18:01:44',16,'2018-06-07 18:01:44','2018-06-07 18:01:44'),(24,'2018-06-07 18:01:51',5,'2018-06-07 18:01:51','2018-06-07 18:01:51'),(25,'2018-06-07 18:01:54',6,'2018-06-07 18:01:54','2018-06-07 18:01:54'),(26,'2018-06-07 18:01:55',395,'2018-06-07 18:01:55','2018-06-07 18:01:55'),(27,'2018-06-07 18:01:59',6,'2018-06-07 18:01:59','2018-06-07 18:01:59'),(28,'2018-06-07 18:02:09',402,'2018-06-07 18:02:09','2018-06-07 18:02:09'),(29,'2018-06-07 18:02:28',402,'2018-06-07 18:02:28','2018-06-07 18:02:27'),(30,'2018-06-07 18:03:16',9,'2018-06-07 18:03:16','2018-06-07 18:03:16'),(31,'2018-06-07 18:03:21',13,'2018-06-07 18:03:21','2018-06-07 18:03:21'),(32,'2018-06-07 18:03:37',13,'2018-06-07 18:03:37','2018-06-07 18:03:37'),(33,'2018-06-07 18:03:40',11,'2018-06-07 18:03:40','2018-06-07 18:03:40'),(34,'2018-06-07 18:04:12',402,'2018-06-07 18:04:12','2018-06-07 18:04:11'),(35,'2018-06-07 18:04:21',9,'2018-06-07 18:04:21','2018-06-07 18:04:21'),(36,'2018-06-07 18:04:35',17,'2018-06-07 18:04:35','2018-06-07 18:04:35'),(37,'2018-06-07 18:05:23',17,'2018-06-07 18:05:23','2018-06-07 18:05:23'),(38,'2018-06-07 18:13:39',5,'2018-06-07 18:13:39','2018-06-07 18:13:39'),(39,'2018-06-07 18:13:41',6,'2018-06-07 18:13:41','2018-06-07 18:13:41'),(40,'2018-06-07 18:13:42',395,'2018-06-07 18:13:42','2018-06-07 18:13:42'),(41,'2018-06-07 19:03:35',5,'2018-06-07 19:03:35','2018-06-07 19:03:35'),(42,'2018-06-07 19:03:37',6,'2018-06-07 19:03:37','2018-06-07 19:03:37'),(43,'2018-06-07 19:08:48',9,'2018-06-07 19:08:48','2018-06-07 19:08:48'),(44,'2018-06-07 19:12:40',9,'2018-06-07 19:12:40','2018-06-07 19:12:40'),(45,'2018-06-07 19:17:56',9,'2018-06-07 19:17:56','2018-06-07 19:17:56'),(46,'2018-06-07 19:20:05',9,'2018-06-07 19:20:05','2018-06-07 19:20:05'),(47,'2018-06-07 19:20:18',1,'2018-06-07 19:20:18','2018-06-07 19:20:18'),(48,'2018-06-07 19:20:24',1,'2018-06-07 19:20:24','2018-06-07 19:20:24'),(49,'2018-06-07 19:20:26',1,'2018-06-07 19:20:26','2018-06-07 19:20:26'),(50,'2018-06-07 19:20:28',9,'2018-06-07 19:20:28','2018-06-07 19:20:28'),(51,'2018-06-07 19:21:26',1,'2018-06-07 19:21:26','2018-06-07 19:21:26'),(52,'2018-06-07 19:21:28',1,'2018-06-07 19:21:28','2018-06-07 19:21:28'),(53,'2018-06-07 19:21:37',1,'2018-06-07 19:21:37','2018-06-07 19:21:37'),(54,'2018-06-07 19:21:39',9,'2018-06-07 19:21:39','2018-06-07 19:21:39'),(55,'2018-06-07 19:22:05',9,'2018-06-07 19:22:05','2018-06-07 19:22:05'),(56,'2018-06-07 19:22:59',406,'2018-06-07 19:22:59','2018-06-07 19:22:59'),(57,'2018-06-07 19:23:02',407,'2018-06-07 19:23:02','2018-06-07 19:23:02'),(58,'2018-06-07 19:25:06',407,'2018-06-07 19:25:06','2018-06-07 19:25:06'),(59,'2018-06-07 19:25:10',406,'2018-06-07 19:25:10','2018-06-07 19:25:10'),(60,'2018-06-07 22:45:33',406,'2018-06-07 22:45:33','2018-06-07 22:45:32'),(61,'2018-06-07 22:45:34',9,'2018-06-07 22:45:34','2018-06-07 22:45:34'),(62,'2018-06-07 22:45:36',406,'2018-06-07 22:45:36','2018-06-07 22:45:36'),(63,'2018-06-07 22:45:37',11,'2018-06-07 22:45:37','2018-06-07 22:45:37'),(64,'2018-06-07 22:52:00',11,'2018-06-07 22:52:00','2018-06-07 22:52:00'),(65,'2018-06-07 22:52:03',11,'2018-06-07 22:52:03','2018-06-07 22:52:03'),(66,'2018-06-07 22:53:51',11,'2018-06-07 22:53:51','2018-06-07 22:53:51'),(67,'2018-06-07 22:53:54',11,'2018-06-07 22:53:54','2018-06-07 22:53:54'),(68,'2018-06-07 22:53:58',11,'2018-06-07 22:53:58','2018-06-07 22:53:58'),(69,'2018-06-07 22:55:26',11,'2018-06-07 22:55:26','2018-06-07 22:55:26'),(70,'2018-06-07 22:56:53',9,'2018-06-07 22:56:53','2018-06-07 22:56:53'),(71,'2018-06-07 23:03:10',9,'2018-06-07 23:03:10','2018-06-07 23:03:10'),(72,'2018-06-07 23:03:11',9,'2018-06-07 23:03:11','2018-06-07 23:03:11'),(73,'2018-06-07 23:03:12',9,'2018-06-07 23:03:12','2018-06-07 23:03:12'),(74,'2018-06-07 23:03:14',9,'2018-06-07 23:03:14','2018-06-07 23:03:14'),(75,'2018-06-07 23:03:26',9,'2018-06-07 23:03:26','2018-06-07 23:03:26'),(76,'2018-06-07 23:03:29',9,'2018-06-07 23:03:29','2018-06-07 23:03:29'),(77,'2018-06-07 23:03:32',9,'2018-06-07 23:03:32','2018-06-07 23:03:32'),(78,'2018-06-07 23:15:13',9,'2018-06-07 23:15:13','2018-06-07 23:15:13'),(79,'2018-06-07 23:15:15',406,'2018-06-07 23:15:15','2018-06-07 23:15:15'),(80,'2018-06-07 23:15:17',11,'2018-06-07 23:15:17','2018-06-07 23:15:17'),(81,'2018-06-07 23:15:19',406,'2018-06-07 23:15:19','2018-06-07 23:15:19'),(82,'2018-06-07 23:15:22',11,'2018-06-07 23:15:22','2018-06-07 23:15:22'),(83,'2018-06-07 23:15:24',9,'2018-06-07 23:15:24','2018-06-07 23:15:24'),(84,'2018-06-07 23:15:26',9,'2018-06-07 23:15:26','2018-06-07 23:15:26'),(85,'2018-06-07 23:15:29',9,'2018-06-07 23:15:29','2018-06-07 23:15:29'),(86,'2018-06-07 23:15:31',9,'2018-06-07 23:15:31','2018-06-07 23:15:31'),(87,'2018-06-07 23:15:34',9,'2018-06-07 23:15:34','2018-06-07 23:15:34'),(88,'2018-06-07 23:15:36',9,'2018-06-07 23:15:36','2018-06-07 23:15:36'),(89,'2018-06-07 23:16:09',11,'2018-06-07 23:16:09','2018-06-07 23:16:09'),(90,'2018-06-07 23:16:10',406,'2018-06-07 23:16:10','2018-06-07 23:16:10'),(91,'2018-06-07 23:16:29',407,'2018-06-07 23:16:29','2018-06-07 23:16:29'),(92,'2018-06-07 23:16:43',402,'2018-06-07 23:16:43','2018-06-07 23:16:43'),(93,'2018-06-09 22:43:21',1,'2018-06-09 22:43:21','2018-06-09 22:43:20'),(94,'2018-06-09 22:43:32',9,'2018-06-09 22:43:32','2018-06-09 22:43:32'),(95,'2018-06-09 22:45:37',395,'2018-06-09 22:45:37','2018-06-09 22:45:37'),(96,'2018-06-09 22:48:34',402,'2018-06-09 22:48:34','2018-06-09 22:48:34'),(97,'2018-06-09 22:59:11',402,'2018-06-09 22:59:11','2018-06-09 22:59:11'),(98,'2018-06-09 23:26:10',402,'2018-06-09 23:26:10','2018-06-09 23:26:10'),(99,'2018-06-10 21:18:22',6,'2018-06-10 21:18:22','2018-06-10 21:18:21'),(100,'2018-06-10 21:19:02',395,'2018-06-10 21:19:02','2018-06-10 21:19:02'),(101,'2018-06-10 21:20:32',6,'2018-06-10 21:20:32','2018-06-10 21:20:32'),(102,'2018-06-10 21:23:59',395,'2018-06-10 21:23:59','2018-06-10 21:23:59'),(103,'2018-06-10 21:24:10',6,'2018-06-10 21:24:10','2018-06-10 21:24:10'),(104,'2018-06-11 22:52:16',395,'2018-06-11 22:52:16','2018-06-11 22:52:16'),(105,'2018-06-11 22:53:47',6,'2018-06-11 22:53:47','2018-06-11 22:53:47'),(106,'2018-06-11 22:54:21',402,'2018-06-11 22:54:21','2018-06-11 22:54:21'),(107,'2018-06-11 23:00:19',9,'2018-06-11 23:00:19','2018-06-11 23:00:18'),(108,'2018-06-11 23:02:35',395,'2018-06-11 23:02:35','2018-06-11 23:02:35'),(109,'2018-06-11 23:17:18',395,'2018-06-11 23:17:18','2018-06-11 23:17:18'),(110,'2018-06-11 23:29:09',402,'2018-06-11 23:29:09','2018-06-11 23:29:05'),(111,'2018-06-11 23:34:08',395,'2018-06-11 23:34:08','2018-06-11 23:34:08'),(112,'2018-06-11 23:36:30',395,'2018-06-11 23:36:30','2018-06-11 23:36:27'),(113,'2018-06-12 22:46:12',395,'2018-06-12 22:46:12','2018-06-12 22:46:11'),(114,'2018-06-12 22:46:28',6,'2018-06-12 22:46:28','2018-06-12 22:46:28'),(115,'2018-06-12 22:46:44',395,'2018-06-12 22:46:44','2018-06-12 22:46:44'),(116,'2018-06-12 22:48:58',9,'2018-06-12 22:48:58','2018-06-12 22:48:58'),(117,'2018-06-12 23:11:58',409,'2018-06-12 23:11:58','2018-06-12 23:11:58'),(118,'2018-06-13 22:55:52',409,'2018-06-13 22:55:52','2018-06-13 22:55:52'),(119,'2018-06-13 22:56:31',409,'2018-06-13 22:56:31','2018-06-13 22:56:31'),(120,'2018-06-13 23:00:46',409,'2018-06-13 23:00:46','2018-06-13 23:00:45'),(121,'2018-06-13 23:10:10',409,'2018-06-13 23:10:10','2018-06-13 23:10:07'),(122,'2018-06-13 23:17:16',409,'2018-06-13 23:17:16','2018-06-13 23:17:16'),(123,'2018-06-14 22:47:41',409,'2018-06-14 22:47:41','2018-06-14 22:47:40'),(124,'2018-06-14 22:49:08',409,'2018-06-14 22:49:08','2018-06-14 22:49:08'),(125,'2018-06-14 22:49:23',409,'2018-06-14 22:49:23','2018-06-14 22:49:23'),(126,'2018-06-14 22:50:24',409,'2018-06-14 22:50:24','2018-06-14 22:50:24'),(127,'2018-06-14 22:51:00',409,'2018-06-14 22:51:00','2018-06-14 22:51:00'),(128,'2018-06-14 22:51:14',407,'2018-06-14 22:51:14','2018-06-14 22:51:14'),(129,'2018-06-14 22:55:10',406,'2018-06-14 22:55:10','2018-06-14 22:55:10'),(130,'2018-06-14 23:17:03',9,'2018-06-14 23:17:03','2018-06-14 23:17:03'),(131,'2018-06-14 23:17:17',406,'2018-06-14 23:17:17','2018-06-14 23:17:17'),(132,'2018-06-14 23:17:18',11,'2018-06-14 23:17:18','2018-06-14 23:17:18'),(133,'2018-06-14 23:17:22',13,'2018-06-14 23:17:22','2018-06-14 23:17:22'),(134,'2018-06-14 23:17:26',1,'2018-06-14 23:17:26','2018-06-14 23:17:26'),(135,'2018-06-14 23:17:30',17,'2018-06-14 23:17:30','2018-06-14 23:17:30'),(136,'2018-06-14 23:26:53',1,'2018-06-14 23:26:53','2018-06-14 23:26:53'),(137,'2018-06-14 23:30:39',1,'2018-06-14 23:30:39','2018-06-14 23:30:39'),(138,'2018-06-14 23:30:43',16,'2018-06-14 23:30:43','2018-06-14 23:30:43'),(139,'2018-06-14 23:30:46',17,'2018-06-14 23:30:46','2018-06-14 23:30:46'),(140,'2018-06-14 23:30:57',13,'2018-06-14 23:30:57','2018-06-14 23:30:57'),(141,'2018-06-14 23:31:04',13,'2018-06-14 23:31:04','2018-06-14 23:31:04'),(142,'2018-06-14 23:31:08',407,'2018-06-14 23:31:08','2018-06-14 23:31:08'),(143,'2018-06-14 23:31:16',409,'2018-06-14 23:31:16','2018-06-14 23:31:16'),(144,'2018-06-14 23:31:34',402,'2018-06-14 23:31:34','2018-06-14 23:31:34'),(145,'2018-06-14 23:36:58',9,'2018-06-14 23:36:58','2018-06-14 23:36:58'),(146,'2018-06-14 23:38:38',9,'2018-06-14 23:38:38','2018-06-14 23:38:38'),(147,'2018-06-14 23:38:44',407,'2018-06-14 23:38:44','2018-06-14 23:38:44'),(148,'2018-09-29 22:13:19',9,'2018-09-29 22:13:19','2018-09-29 22:13:13'),(149,'2018-09-29 22:13:33',406,'2018-09-29 22:13:33','2018-09-29 22:13:33'),(150,'2018-09-29 22:13:37',406,'2018-09-29 22:13:37','2018-09-29 22:13:37'),(151,'2018-09-29 22:13:38',11,'2018-09-29 22:13:38','2018-09-29 22:13:38'),(152,'2018-09-29 22:14:04',1,'2018-09-29 22:14:04','2018-09-29 22:14:03'),(153,'2018-09-29 22:14:08',402,'2018-09-29 22:14:08','2018-09-29 22:14:08'),(154,'2018-09-29 22:14:11',409,'2018-09-29 22:14:11','2018-09-29 22:14:11'),(155,'2018-09-29 22:14:17',6,'2018-09-29 22:14:17','2018-09-29 22:14:17'),(156,'2018-09-29 22:14:18',395,'2018-09-29 22:14:18','2018-09-29 22:14:18'),(157,'2018-10-02 23:24:22',409,'2018-10-02 23:24:22','2018-10-02 23:24:21'),(158,'2018-10-02 23:24:25',6,'2018-10-02 23:24:25','2018-10-02 23:24:25'),(159,'2018-10-02 23:24:30',402,'2018-10-02 23:24:30','2018-10-02 23:24:30'),(160,'2018-10-02 23:24:58',402,'2018-10-02 23:24:58','2018-10-02 23:24:58'),(161,'2018-10-02 23:25:00',9,'2018-10-02 23:25:00','2018-10-02 23:25:00'),(162,'2018-10-02 23:25:02',406,'2018-10-02 23:25:02','2018-10-02 23:25:01'),(163,'2018-10-02 23:25:03',11,'2018-10-02 23:25:03','2018-10-02 23:25:03'),(164,'2018-10-02 23:25:10',13,'2018-10-02 23:25:10','2018-10-02 23:25:10'),(165,'2018-10-02 23:25:12',407,'2018-10-02 23:25:12','2018-10-02 23:25:12'),(166,'2018-10-02 23:25:15',1,'2018-10-02 23:25:15','2018-10-02 23:25:15'),(167,'2018-10-02 23:25:16',17,'2018-10-02 23:25:16','2018-10-02 23:25:16'),(168,'2018-10-02 23:25:17',8,'2018-10-02 23:25:17','2018-10-02 23:25:17'),(169,'2018-10-02 23:25:28',1,'2018-10-02 23:25:28','2018-10-02 23:25:28'),(170,'2018-10-02 23:25:35',407,'2018-10-02 23:25:35','2018-10-02 23:25:35'),(171,'2018-10-08 22:24:18',409,'2018-10-08 22:24:18','2018-10-08 22:24:17'),(172,'2018-10-08 22:24:20',6,'2018-10-08 22:24:20','2018-10-08 22:24:20'),(173,'2018-10-08 22:24:26',402,'2018-10-08 22:24:26','2018-10-08 22:24:26'),(174,'2018-10-08 22:24:32',395,'2018-10-08 22:24:32','2018-10-08 22:24:32'),(175,'2018-10-08 22:37:44',9,'2018-10-08 22:37:44','2018-10-08 22:37:44'),(176,'2018-10-09 21:56:47',409,'2018-10-09 21:56:47','2018-10-09 21:56:47'),(177,'2018-10-09 21:57:31',6,'2018-10-09 21:57:31','2018-10-09 21:57:30'),(178,'2018-10-09 22:00:51',395,'2018-10-09 22:00:51','2018-10-09 22:00:51'),(179,'2018-10-09 22:00:58',409,'2018-10-09 22:00:58','2018-10-09 22:00:58'),(180,'2018-10-09 22:00:59',6,'2018-10-09 22:00:59','2018-10-09 22:00:59'),(181,'2018-10-09 22:01:00',395,'2018-10-09 22:01:00','2018-10-09 22:01:00'),(182,'2018-10-09 22:01:04',402,'2018-10-09 22:01:04','2018-10-09 22:01:04'),(183,'2018-10-09 22:01:43',6,'2018-10-09 22:01:43','2018-10-09 22:01:43'),(184,'2018-10-09 22:02:04',402,'2018-10-09 22:02:04','2018-10-09 22:02:03'),(185,'2018-10-10 21:10:58',409,'2018-10-10 21:10:58','2018-10-10 21:10:57'),(186,'2018-10-10 21:11:00',6,'2018-10-10 21:11:00','2018-10-10 21:11:00'),(187,'2018-10-12 22:17:48',395,'2018-10-12 22:17:48','2018-10-12 22:17:47'),(188,'2018-10-12 22:25:23',6,'2018-10-12 22:25:23','2018-10-12 22:25:23'),(189,'2018-10-12 22:26:10',402,'2018-10-12 22:26:10','2018-10-12 22:26:10'),(190,'2018-10-12 22:26:46',6,'2018-10-12 22:26:46','2018-10-12 22:26:46'),(191,'2018-10-12 22:28:24',409,'2018-10-12 22:28:24','2018-10-12 22:28:24'),(192,'2018-10-12 22:29:28',6,'2018-10-12 22:29:28','2018-10-12 22:29:28'),(193,'2018-10-12 22:29:40',6,'2018-10-12 22:29:40','2018-10-12 22:29:40'),(194,'2018-10-12 22:30:02',402,'2018-10-12 22:30:02','2018-10-12 22:30:02'),(195,'2018-10-13 19:23:00',409,'2018-10-13 19:23:00','2018-10-13 19:23:00'),(196,'2018-10-13 19:23:03',6,'2018-10-13 19:23:03','2018-10-13 19:23:03'),(197,'2018-10-13 22:49:53',402,'2018-10-13 22:49:53','2018-10-13 22:49:53'),(198,'2018-10-14 11:18:17',402,'2018-10-14 11:18:17','2018-10-14 11:18:16'),(199,'2018-10-14 11:30:24',6,'2018-10-14 11:30:24','2018-10-14 11:30:23'),(200,'2018-10-14 11:30:28',409,'2018-10-14 11:30:28','2018-10-14 11:30:28'),(201,'2018-10-14 11:31:27',402,'2018-10-14 11:31:27','2018-10-14 11:31:27'),(202,'2018-10-14 17:28:43',9,'2018-10-14 17:28:43','2018-10-14 17:28:43'),(203,'2018-10-14 18:03:15',1,'2018-10-14 18:03:15','2018-10-14 18:03:15'),(204,'2018-10-14 18:15:44',6,'2018-10-14 18:15:44','2018-10-14 18:15:44'),(205,'2018-10-14 22:04:31',409,'2018-10-14 22:04:31','2018-10-14 22:04:31'),(206,'2018-10-14 22:13:50',6,'2018-10-14 22:13:50','2018-10-14 22:13:50'),(207,'2018-10-16 21:26:43',9,'2018-10-16 21:26:43','2018-10-16 21:26:43'),(208,'2018-10-16 22:01:00',402,'2018-10-16 22:01:00','2018-10-16 22:01:00'),(209,'2018-10-16 22:02:43',409,'2018-10-16 22:02:43','2018-10-16 22:02:43'),(210,'2018-10-16 22:02:48',9,'2018-10-16 22:02:48','2018-10-16 22:02:48'),(211,'2018-10-16 22:03:12',9,'2018-10-16 22:03:12','2018-10-16 22:03:12'),(212,'2018-10-17 20:45:57',409,'2018-10-17 20:45:57','2018-10-17 20:45:57'),(213,'2018-10-17 20:46:05',9,'2018-10-17 20:46:05','2018-10-17 20:46:05'),(214,'2018-10-17 22:42:13',409,'2018-10-17 22:42:13','2018-10-17 22:42:13'),(215,'2018-10-17 22:42:15',6,'2018-10-17 22:42:15','2018-10-17 22:42:15'),(216,'2018-10-17 22:42:16',395,'2018-10-17 22:42:16','2018-10-17 22:42:15'),(217,'2018-10-17 22:42:19',402,'2018-10-17 22:42:19','2018-10-17 22:42:19'),(218,'2018-10-17 22:42:21',406,'2018-10-17 22:42:21','2018-10-17 22:42:21'),(219,'2018-10-17 22:42:49',9,'2018-10-17 22:42:49','2018-10-17 22:42:49'),(220,'2018-10-17 22:44:49',409,'2018-10-17 22:44:49','2018-10-17 22:44:48'),(221,'2018-10-17 22:58:10',6,'2018-10-17 22:58:10','2018-10-17 22:58:10'),(222,'2018-10-17 22:58:15',395,'2018-10-17 22:58:15','2018-10-17 22:58:15'),(223,'2018-10-17 22:58:20',406,'2018-10-17 22:58:20','2018-10-17 22:58:20'),(224,'2018-10-17 22:58:30',9,'2018-10-17 22:58:30','2018-10-17 22:58:30'),(225,'2018-10-17 23:04:02',409,'2018-10-17 23:04:02','2018-10-17 23:04:02'),(226,'2018-10-17 23:04:04',402,'2018-10-17 23:04:04','2018-10-17 23:04:04'),(227,'2018-10-17 23:08:05',406,'2018-10-17 23:08:05','2018-10-17 23:08:05'),(228,'2018-10-17 23:08:06',11,'2018-10-17 23:08:06','2018-10-17 23:08:06'),(229,'2018-10-17 23:15:16',13,'2018-10-17 23:15:16','2018-10-17 23:15:16'),(230,'2018-10-17 23:15:22',407,'2018-10-17 23:15:22','2018-10-17 23:15:22'),(231,'2018-10-17 23:15:30',9,'2018-10-17 23:15:30','2018-10-17 23:15:30'),(232,'2018-10-17 23:15:31',406,'2018-10-17 23:15:31','2018-10-17 23:15:31'),(233,'2018-10-17 23:15:33',11,'2018-10-17 23:15:33','2018-10-17 23:15:33'),(234,'2018-10-17 23:15:34',406,'2018-10-17 23:15:34','2018-10-17 23:15:34'),(235,'2018-10-17 23:15:36',11,'2018-10-17 23:15:36','2018-10-17 23:15:36'),(236,'2018-10-17 23:15:37',406,'2018-10-17 23:15:37','2018-10-17 23:15:37'),(237,'2018-10-17 23:15:43',9,'2018-10-17 23:15:43','2018-10-17 23:15:43'),(238,'2018-10-17 23:15:46',409,'2018-10-17 23:15:46','2018-10-17 23:15:46'),(239,'2018-10-17 23:15:48',402,'2018-10-17 23:15:48','2018-10-17 23:15:48'),(240,'2018-10-17 23:15:49',1,'2018-10-17 23:15:49','2018-10-17 23:15:49'),(241,'2018-10-17 23:15:52',17,'2018-10-17 23:15:52','2018-10-17 23:15:52'),(242,'2018-11-05 22:38:39',409,'2018-11-05 22:38:39','2018-11-05 22:38:39'),(243,'2018-11-05 22:39:26',402,'2018-11-05 22:39:26','2018-11-05 22:39:26'),(244,'2018-11-05 22:39:31',9,'2018-11-05 22:39:31','2018-11-05 22:39:31'),(245,'2018-11-06 21:20:51',9,'2018-11-06 21:20:51','2018-11-06 21:20:50'),(246,'2018-11-06 21:49:43',9,'2018-11-06 21:49:43','2018-11-06 21:49:42'),(247,'2018-11-06 21:51:42',1,'2018-11-06 21:51:42','2018-11-06 21:51:41'),(248,'2018-11-06 21:51:42',17,'2018-11-06 21:51:42','2018-11-06 21:51:42'),(249,'2018-11-06 21:53:14',406,'2018-11-06 21:53:14','2018-11-06 21:53:14'),(250,'2018-11-06 21:54:23',11,'2018-11-06 21:54:23','2018-11-06 21:54:23'),(251,'2018-11-06 21:55:21',13,'2018-11-06 21:55:21','2018-11-06 21:55:21'),(252,'2018-11-06 21:55:25',407,'2018-11-06 21:55:25','2018-11-06 21:55:25'),(253,'2018-11-06 21:56:10',402,'2018-11-06 21:56:10','2018-11-06 21:56:10'),(254,'2018-11-06 21:56:34',409,'2018-11-06 21:56:34','2018-11-06 21:56:33'),(255,'2018-11-06 22:03:01',1,'2018-11-06 22:03:01','2018-11-06 22:03:01'),(256,'2018-11-06 22:03:02',1,'2018-11-06 22:03:02','2018-11-06 22:03:02'),(257,'2018-11-06 22:03:03',1,'2018-11-06 22:03:03','2018-11-06 22:03:03'),(258,'2018-11-06 22:03:04',17,'2018-11-06 22:03:04','2018-11-06 22:03:04'),(259,'2018-11-06 22:03:06',8,'2018-11-06 22:03:06','2018-11-06 22:03:06'),(260,'2018-11-06 22:03:08',16,'2018-11-06 22:03:08','2018-11-06 22:03:08'),(261,'2018-11-08 21:11:24',402,'2018-11-08 21:11:24','2018-11-08 21:11:24'),(262,'2018-11-08 21:11:27',409,'2018-11-08 21:11:27','2018-11-08 21:11:27'),(263,'2018-11-08 21:20:44',395,'2018-11-08 21:20:44','2018-11-08 21:20:43'),(264,'2018-11-08 21:50:57',9,'2018-11-08 21:50:57','2018-11-08 21:50:57'),(265,'2018-11-08 22:02:06',395,'2018-11-08 22:02:06','2018-11-08 22:02:06'),(266,'2018-11-08 22:02:53',9,'2018-11-08 22:02:53','2018-11-08 22:02:53'),(267,'2018-11-08 22:03:15',395,'2018-11-08 22:03:15','2018-11-08 22:03:15'),(268,'2018-11-08 22:39:08',9,'2018-11-08 22:39:08','2018-11-08 22:39:08'),(269,'2018-11-08 22:43:05',9,'2018-11-08 22:43:05','2018-11-08 22:43:03'),(270,'2018-11-08 22:46:57',395,'2018-11-08 22:46:57','2018-11-08 22:46:57'),(271,'2018-11-08 22:48:23',9,'2018-11-08 22:48:23','2018-11-08 22:48:23'),(272,'2018-11-08 22:48:46',6,'2018-11-08 22:48:46','2018-11-08 22:48:46'),(273,'2018-11-08 22:48:48',395,'2018-11-08 22:48:48','2018-11-08 22:48:48'),(274,'2018-11-08 22:51:37',409,'2018-11-08 22:51:37','2018-11-08 22:51:35'),(275,'2018-11-08 22:51:40',6,'2018-11-08 22:51:40','2018-11-08 22:51:40'),(276,'2018-11-12 14:17:26',3,'2018-11-12 14:17:26','2018-11-12 14:17:26'),(277,'2018-11-12 15:09:03',9,'2018-11-12 15:09:03','2018-11-12 15:09:03'),(278,'2018-11-12 17:14:01',402,'2018-11-12 17:14:01','2018-11-12 17:14:01'),(279,'2018-11-13 08:58:08',402,'2018-11-13 08:58:08','2018-11-13 08:58:08');
/*!40000 ALTER TABLE `sys_menu_visit_log` ENABLE KEYS */;
UNLOCK TABLES;

--
-- Table structure for table `sys_permission`
--

DROP TABLE IF EXISTS `sys_permission`;
/*!40101 SET @saved_cs_client     = @@character_set_client */;
/*!40101 SET character_set_client = utf8 */;
CREATE TABLE `sys_permission` (
  `ID` bigint(20) NOT NULL,
  `CREATE_TIME` datetime DEFAULT NULL,
  `MODIFY_TIME` datetime DEFAULT NULL,
  `NAME` varchar(255) DEFAULT NULL,
  `VALUE` bigint(20) DEFAULT NULL,
  PRIMARY KEY (`ID`)
) ENGINE=InnoDB DEFAULT CHARSET=utf8;
/*!40101 SET character_set_client = @saved_cs_client */;

--
-- Dumping data for table `sys_permission`
--

LOCK TABLES `sys_permission` WRITE;
/*!40000 ALTER TABLE `sys_permission` DISABLE KEYS */;
/*!40000 ALTER TABLE `sys_permission` ENABLE KEYS */;
UNLOCK TABLES;

--
-- Table structure for table `sys_role`
--

DROP TABLE IF EXISTS `sys_role`;
/*!40101 SET @saved_cs_client     = @@character_set_client */;
/*!40101 SET character_set_client = utf8 */;
CREATE TABLE `sys_role` (
  `ID` bigint(20) NOT NULL,
  `CREATE_TIME` datetime DEFAULT NULL,
  `MODIFY_TIME` datetime DEFAULT NULL,
  `NAME` varchar(255) DEFAULT NULL,
  PRIMARY KEY (`ID`)
) ENGINE=InnoDB DEFAULT CHARSET=utf8;
/*!40101 SET character_set_client = @saved_cs_client */;

--
-- Dumping data for table `sys_role`
--

LOCK TABLES `sys_role` WRITE;
/*!40000 ALTER TABLE `sys_role` DISABLE KEYS */;
INSERT INTO `sys_role` VALUES (1,'2018-09-29 22:13:50','2018-11-06 21:55:14',''),(2,'2018-09-29 22:13:50','2018-11-06 21:55:14',''),(3,'2018-05-21 17:45:12','2018-11-06 21:55:14','映射管理员'),(4,'2018-05-21 17:45:35','2018-11-06 21:55:14','工作流管理员');
/*!40000 ALTER TABLE `sys_role` ENABLE KEYS */;
UNLOCK TABLES;

--
-- Table structure for table `sys_sequence`
--

DROP TABLE IF EXISTS `sys_sequence`;
/*!40101 SET @saved_cs_client     = @@character_set_client */;
/*!40101 SET character_set_client = utf8 */;
CREATE TABLE `sys_sequence` (
  `ENTITY_CODE` varchar(255) NOT NULL,
  `SEQUENCE_NO` bigint(20) DEFAULT NULL,
  PRIMARY KEY (`ENTITY_CODE`)
) ENGINE=InnoDB DEFAULT CHARSET=utf8;
/*!40101 SET character_set_client = @saved_cs_client */;

--
-- Dumping data for table `sys_sequence`
--

LOCK TABLES `sys_sequence` WRITE;
/*!40000 ALTER TABLE `sys_sequence` DISABLE KEYS */;
INSERT INTO `sys_sequence` VALUES ('cn.doublepoint.dto.domain.model.entity.sys.AnnouncementChanged',43),('cn.doublepoint.dto.domain.model.entity.sys.Code',12),('cn.doublepoint.dto.domain.model.entity.sys.ExtendProperty',2),('cn.doublepoint.dto.domain.model.entity.sys.Menu',412),('cn.doublepoint.dto.domain.model.entity.sys.MenuVisitLog',279),('cn.doublepoint.dto.domain.model.entity.sys.Role',2),('cn.doublepoint.dto.domain.model.entity.sys.Worksheet',42),('ll.workflow.worksheetNo',44);
/*!40000 ALTER TABLE `sys_sequence` ENABLE KEYS */;
UNLOCK TABLES;

--
-- Table structure for table `sys_worksheet`
--

DROP TABLE IF EXISTS `sys_worksheet`;
/*!40101 SET @saved_cs_client     = @@character_set_client */;
/*!40101 SET character_set_client = utf8 */;
CREATE TABLE `sys_worksheet` (
  `ID` bigint(20) NOT NULL,
  `CLASSIFICATION` varchar(255) DEFAULT NULL,
  `CREATE_TIME` datetime DEFAULT NULL,
  `CREATE_USER_ID` bigint(20) DEFAULT NULL,
  `DESCRIPTION` varchar(255) DEFAULT NULL,
  `INSTANCE_ID` varchar(255) DEFAULT NULL,
  `MODIFY_TIME` datetime DEFAULT NULL,
  `NAME` varchar(255) DEFAULT NULL,
  `STATE` varchar(255) DEFAULT NULL,
  `WORKSHEET_NO` varchar(255) DEFAULT NULL,
  `CREATE_USER` varchar(255) DEFAULT NULL,
  PRIMARY KEY (`ID`)
) ENGINE=InnoDB DEFAULT CHARSET=utf8;
/*!40101 SET character_set_client = @saved_cs_client */;

--
-- Dumping data for table `sys_worksheet`
--

LOCK TABLES `sys_worksheet` WRITE;
/*!40000 ALTER TABLE `sys_worksheet` DISABLE KEYS */;
INSERT INTO `sys_worksheet` VALUES (1,NULL,'2018-06-09 23:29:20',NULL,NULL,'\"\"','2018-06-09 23:29:20',NULL,'1','3','liulei'),(2,NULL,'2018-06-09 23:30:54',NULL,NULL,'\"\"','2018-06-09 23:30:54',NULL,'1','4','liulei'),(3,NULL,'2018-06-09 23:32:53',NULL,NULL,'\"\"','2018-06-09 23:32:53',NULL,'1','5','liulei'),(4,NULL,'2018-06-09 23:34:02',NULL,NULL,'\"\"','2018-06-09 23:34:02',NULL,'1','6','liulei'),(5,NULL,'2018-06-09 23:35:30',NULL,NULL,'\"\"','2018-06-09 23:35:30',NULL,'1','7','liulei'),(6,NULL,'2018-06-09 23:37:31',NULL,NULL,'\"\"','2018-06-09 23:37:31',NULL,'1','8','liulei'),(7,NULL,'2018-06-09 23:38:34',NULL,NULL,'\"\"','2018-06-09 23:38:34',NULL,'1','9','liulei'),(8,NULL,'2018-06-09 23:39:15',NULL,NULL,'\"\"','2018-06-09 23:39:15',NULL,'1','10','liulei'),(9,NULL,'2018-06-09 23:39:44',NULL,NULL,'\"\"','2018-06-09 23:39:44',NULL,'1','11','liulei'),(10,NULL,'2018-06-11 22:54:56',NULL,NULL,'\"\"','2018-06-11 22:54:56',NULL,'1','12','liulei'),(11,NULL,'2018-06-11 22:54:59',NULL,NULL,'\"\"','2018-06-11 22:54:59',NULL,'1','13','liulei'),(18,NULL,'2018-10-14 11:31:34',NULL,NULL,'\"17501\"','2018-10-14 11:31:34',NULL,'1','20','liulei'),(19,NULL,'2018-10-14 11:43:42',NULL,NULL,'\"20019\"','2018-10-14 11:43:42',NULL,'1','21','liulei'),(20,NULL,'2018-10-14 11:51:20',NULL,NULL,'22501','2018-10-14 11:51:20',NULL,'1','22','liulei'),(21,NULL,'2018-10-14 12:00:37',NULL,NULL,'25005','2018-10-14 12:00:37',NULL,'1','23','liulei'),(22,NULL,'2018-10-14 12:10:34',NULL,NULL,'30005','2018-10-14 12:10:34',NULL,'1','24','liulei'),(23,NULL,'2018-10-14 12:12:40',NULL,NULL,'30009','2018-10-14 12:12:40',NULL,'1','25','liulei'),(24,NULL,'2018-10-14 12:20:00',NULL,NULL,'30013','2018-10-14 12:20:00',NULL,'1','26','liulei'),(25,NULL,'2018-10-14 12:22:00',NULL,NULL,'32513','2018-10-14 12:22:00',NULL,'1','27','liulei'),(26,NULL,'2018-10-14 17:32:57',NULL,NULL,'32527','2018-10-14 17:32:57',NULL,'1','28','liulei'),(27,NULL,'2018-10-14 17:33:16',NULL,NULL,'32531','2018-10-14 17:33:16',NULL,'1','29','liulei'),(28,NULL,'2018-10-14 17:33:45',NULL,NULL,'32535','2018-10-14 17:33:45',NULL,'1','30','liulei'),(29,NULL,'2018-10-14 17:33:47',NULL,NULL,'32539','2018-10-14 17:33:47',NULL,'1','31','liulei'),(30,NULL,'2018-10-14 17:33:49',NULL,NULL,'32543','2018-10-14 17:33:49',NULL,'1','32','liulei'),(31,NULL,'2018-10-14 17:33:51',NULL,NULL,'32547','2018-10-14 17:33:51',NULL,'1','33','liulei'),(32,NULL,'2018-10-14 21:47:56',NULL,NULL,'35045','2018-10-14 21:47:56',NULL,'1','34','liulei'),(33,NULL,'2018-10-14 22:02:59',NULL,NULL,'35071','2018-10-14 22:02:59',NULL,'1','35','liulei'),(34,NULL,'2018-10-14 22:04:02',NULL,NULL,'35097','2018-10-14 22:04:02',NULL,'1','36','liulei'),(35,NULL,'2018-10-14 22:04:33',NULL,NULL,'35106','2018-10-14 22:04:33',NULL,'1','37','liulei'),(36,NULL,'2018-10-14 22:05:03',NULL,NULL,'35132','2018-10-14 22:05:03',NULL,'1','38','liulei'),(37,NULL,'2018-10-14 22:14:43',NULL,NULL,'35158','2018-10-14 22:14:43',NULL,'1','39','liulei'),(38,NULL,'2018-10-14 22:22:08',NULL,NULL,'37509','2018-10-14 22:22:08',NULL,'1','40','liulei'),(39,NULL,'2018-10-14 22:22:38',NULL,NULL,'37525','2018-10-14 22:22:38',NULL,'1','41','liulei'),(40,NULL,'2018-10-14 22:23:55',NULL,NULL,'37539','2018-10-14 22:23:55',NULL,'1','42','liulei'),(41,NULL,'2018-10-14 22:24:50',NULL,NULL,'37553','2018-10-14 22:24:50',NULL,'1','43','liulei'),(42,'WF-00001','2018-11-08 21:20:19',NULL,NULL,'40001','2018-11-08 21:20:19',NULL,'1','44','liulei');
/*!40000 ALTER TABLE `sys_worksheet` ENABLE KEYS */;
UNLOCK TABLES;

--
-- Table structure for table `sys_worksheet_aduit`
--

DROP TABLE IF EXISTS `sys_worksheet_aduit`;
/*!40101 SET @saved_cs_client     = @@character_set_client */;
/*!40101 SET character_set_client = utf8 */;
CREATE TABLE `sys_worksheet_aduit` (
  `ID` bigint(20) NOT NULL,
  `ADUIT_RESULT` varchar(255) DEFAULT NULL,
  `CREATE_TIME` datetime DEFAULT NULL,
  `MODIFY_TIME` datetime DEFAULT NULL,
  `PEACH_NO` int(11) DEFAULT NULL,
  `REMARK` varchar(255) DEFAULT NULL,
  `TASK_ID` bigint(20) DEFAULT NULL,
  `WORKSHEET_NO` varchar(255) DEFAULT NULL,
  PRIMARY KEY (`ID`)
) ENGINE=InnoDB DEFAULT CHARSET=utf8;
/*!40101 SET character_set_client = @saved_cs_client */;

--
-- Dumping data for table `sys_worksheet_aduit`
--

LOCK TABLES `sys_worksheet_aduit` WRITE;
/*!40000 ALTER TABLE `sys_worksheet_aduit` DISABLE KEYS */;
/*!40000 ALTER TABLE `sys_worksheet_aduit` ENABLE KEYS */;
UNLOCK TABLES;

--
-- Table structure for table `user`
--

DROP TABLE IF EXISTS `user`;
/*!40101 SET @saved_cs_client     = @@character_set_client */;
/*!40101 SET character_set_client = utf8 */;
CREATE TABLE `user` (
  `ID` bigint(20) NOT NULL,
  `CREATE_TIME` datetime DEFAULT NULL,
  `LOGIN_ACCOUNT_NO` int(11) DEFAULT NULL,
  `LOGIN_PASSWORD` int(11) DEFAULT NULL,
  `MODIFY_TIME` datetime DEFAULT NULL,
  `NAME` varchar(255) DEFAULT NULL,
  PRIMARY KEY (`ID`)
) ENGINE=InnoDB DEFAULT CHARSET=utf8;
/*!40101 SET character_set_client = @saved_cs_client */;

--
-- Dumping data for table `user`
--

LOCK TABLES `user` WRITE;
/*!40000 ALTER TABLE `user` DISABLE KEYS */;
/*!40000 ALTER TABLE `user` ENABLE KEYS */;
UNLOCK TABLES;

--
-- Table structure for table `xtconstant`
--

DROP TABLE IF EXISTS `xtconstant`;
/*!40101 SET @saved_cs_client     = @@character_set_client */;
/*!40101 SET character_set_client = utf8 */;
CREATE TABLE `xtconstant` (
  `是否标志Y` int(11) NOT NULL,
  `是否标志X` int(11) DEFAULT NULL,
  PRIMARY KEY (`是否标志Y`)
) ENGINE=InnoDB DEFAULT CHARSET=utf8;
/*!40101 SET character_set_client = @saved_cs_client */;

--
-- Dumping data for table `xtconstant`
--

LOCK TABLES `xtconstant` WRITE;
/*!40000 ALTER TABLE `xtconstant` DISABLE KEYS */;
/*!40000 ALTER TABLE `xtconstant` ENABLE KEYS */;
UNLOCK TABLES;
/*!40103 SET TIME_ZONE=@OLD_TIME_ZONE */;

/*!40101 SET SQL_MODE=@OLD_SQL_MODE */;
/*!40014 SET FOREIGN_KEY_CHECKS=@OLD_FOREIGN_KEY_CHECKS */;
/*!40014 SET UNIQUE_CHECKS=@OLD_UNIQUE_CHECKS */;
/*!40101 SET CHARACTER_SET_CLIENT=@OLD_CHARACTER_SET_CLIENT */;
/*!40101 SET CHARACTER_SET_RESULTS=@OLD_CHARACTER_SET_RESULTS */;
/*!40101 SET COLLATION_CONNECTION=@OLD_COLLATION_CONNECTION */;
/*!40111 SET SQL_NOTES=@OLD_SQL_NOTES */;

-- Dump completed on 2018-11-13 17:45:31
